id,number,name,type1,type2,form,form_name,ability1,ability2,ability3,bs_h,bs_a,bs_b,bs_c,bs_d,bs_s,egg_group1,egg_group2
1,1,フシギダネ,くさ,どく,,,しんりょく,*ようりょくそ,,45,49,49,65,65,45,怪獣,植物
2,2,フシギソウ,くさ,どく,,,しんりょく,*ようりょくそ,,60,62,63,80,80,60,怪獣,植物
3,3,フシギバナ,くさ,どく,,,しんりょく,*ようりょくそ,,80,82,83,100,100,80,怪獣,植物
4,4,ヒトカゲ,ほのお,,,,もうか,*サンパワー,,39,52,43,60,50,65,怪獣,ドラゴン
5,5,リザード,ほのお,,,,もうか,*サンパワー,,58,64,58,80,65,80,怪獣,ドラゴン
6,6,リザードン,ほのお,ひこう,,,もうか,*サンパワー,,78,84,78,109,85,100,怪獣,ドラゴン
7,7,ゼニガメ,みず,,,,げきりゅう,*あめうけざら,,44,48,65,50,64,43,怪獣,水中1
8,8,カメール,みず,,,,げきりゅう,*あめうけざら,,59,63,80,65,80,58,怪獣,水中1
9,9,カメックス,みず,,,,げきりゅう,*あめうけざら,,79,83,100,85,105,78,怪獣,水中1
10,10,キャタピー,むし,,,,りんぷん,*にげあし,,45,30,35,20,20,45,虫,
11,11,トランセル,むし,,,,だっぴ,,,50,20,55,25,25,30,虫,
12,12,バタフリー,むし,ひこう,,,ふくがん,*いろめがね,,60,45,50,90,80,70,虫,
13,13,ビードル,むし,どく,,,りんぷん,*にげあし,,40,35,30,20,20,50,虫,
14,14,コクーン,むし,どく,,,だっぴ,,,45,25,50,25,25,35,虫,
15,15,スピアー,むし,どく,,,むしのしらせ,*スナイパー,,65,90,40,45,80,75,虫,
16,16,ポッポ,ノーマル,ひこう,,,するどいめ,ちどりあし,*はとむね,40,45,40,35,35,56,飛行,
17,17,ピジョン,ノーマル,ひこう,,,するどいめ,ちどりあし,*はとむね,63,60,55,50,50,71,飛行,
18,18,ピジョット,ノーマル,ひこう,,,するどいめ,ちどりあし,*はとむね,83,80,75,70,70,101,飛行,
19,19,コラッタ,ノーマル,,,,にげあし,こんじょう,*はりきり,30,56,35,25,35,72,陸上,
20,19,コラッタ,あく,ノーマル,a,アローラ,くいしんぼう,はりきり,*あついしぼう,30,56,35,25,35,72,陸上,
21,20,ラッタ,ノーマル,,,,にげあし,こんじょう,*はりきり,55,81,60,50,70,97,陸上,
22,20,ラッタ,あく,ノーマル,a,アローラ,くいしんぼう,はりきり,*あついしぼう,75,71,70,40,80,77,陸上,
23,21,オニスズメ,ノーマル,ひこう,,,するどいめ,*スナイパー,,40,60,30,31,31,70,飛行,
24,22,オニドリル,ノーマル,ひこう,,,するどいめ,*スナイパー,,65,90,65,61,61,100,飛行,
25,23,アーボ,どく,,,,いかく,だっぴ,*きんちょうかん,35,60,44,40,54,55,陸上,ドラゴン
26,24,アーボック,どく,,,,いかく,だっぴ,*きんちょうかん,60,95,69,65,79,80,陸上,ドラゴン
27,25,ピカチュウ,でんき,,,,せいでんき,*ひらいしん,,35,55,40,50,50,90,陸上,妖精
28,26,ライチュウ,でんき,,,,せいでんき,*ひらいしん,,60,90,55,90,80,110,陸上,妖精
29,26,ライチュウ,でんき,エスパー,a,アローラ,サーフテール,,,60,85,50,95,85,110,陸上,妖精
30,27,サンド,じめん,,,,すながくれ,*すなかき,,50,75,85,20,30,40,陸上,
31,27,サンド,こおり,はがね,a,アローラ,ゆきがくれ,*ゆきかき,,50,75,90,10,35,40,陸上,
32,28,サンドパン,じめん,,,,すながくれ,*すなかき,,75,100,110,45,55,65,陸上,
33,28,サンドパン,こおり,はがね,a,アローラ,ゆきがくれ,*ゆきかき,,75,100,120,25,65,65,陸上,
34,29,ニドラン♀,どく,,,,どくのトゲ,とうそうしん,*はりきり,55,47,52,40,40,41,怪獣,陸上
35,30,ニドリーナ,どく,,,,どくのトゲ,とうそうしん,*はりきり,70,62,67,55,55,56,タマゴ未発見,
36,31,ニドクイン,どく,じめん,,,どくのトゲ,とうそうしん,*ちからずく,90,92,87,75,85,76,タマゴ未発見,
37,32,ニドラン♂,どく,,,,どくのトゲ,とうそうしん,*はりきり,46,57,40,40,40,50,怪獣,陸上
38,33,ニドリーノ,どく,,,,どくのトゲ,とうそうしん,*はりきり,61,72,57,55,55,65,怪獣,陸上
39,34,ニドキング,どく,じめん,,,どくのトゲ,とうそうしん,*ちからずく,81,102,77,85,75,85,怪獣,陸上
40,35,ピッピ,フェアリー,,,,メロメロボディ,マジックガード,*フレンドガード,70,45,48,60,65,35,妖精,
41,36,ピクシー,フェアリー,,,,メロメロボディ,マジックガード,*てんねん,95,70,73,95,90,60,妖精,
42,37,ロコン,ほのお,,,,もらいび,*ひでり,,38,41,40,50,65,65,陸上,
43,37,ロコン,こおり,,a,アローラ,ゆきがくれ,*ゆきふらし,,38,41,40,50,65,65,陸上,
44,38,キュウコン,ほのお,,,,もらいび,*ひでり,,73,76,75,81,100,100,陸上,
45,38,キュウコン,こおり,フェアリー,a,アローラ,ゆきがくれ,*ゆきふらし,,73,67,75,81,100,109,陸上,
46,39,プリン,ノーマル,フェアリー,,,メロメロボディ,かちき,*フレンドガード,115,45,20,45,25,20,妖精,
47,40,プクリン,ノーマル,フェアリー,,,メロメロボディ,かちき,*おみとおし,140,70,45,85,50,45,妖精,
48,41,ズバット,どく,ひこう,,,せいしんりょく,*すりぬけ,,40,45,35,30,40,55,飛行,
49,42,ゴルバット,どく,ひこう,,,せいしんりょく,*すりぬけ,,75,80,70,65,75,90,飛行,
50,43,ナゾノクサ,くさ,どく,,,ようりょくそ,*にげあし,,45,50,55,75,65,30,植物,
51,44,クサイハナ,くさ,どく,,,ようりょくそ,*あくしゅう,,60,65,70,85,75,40,植物,
52,45,ラフレシア,くさ,どく,,,ようりょくそ,*ほうし,,75,80,85,110,90,50,植物,
53,46,パラス,むし,くさ,,,ほうし,かんそうはだ,*しめりけ,35,70,55,45,55,25,虫,植物
54,47,パラセクト,むし,くさ,,,ほうし,かんそうはだ,*しめりけ,60,95,80,60,80,30,虫,植物
55,48,コンパン,むし,どく,,,ふくがん,いろめがね,*にげあし,60,55,50,40,55,45,虫,
56,49,モルフォン,むし,どく,,,りんぷん,いろめがね,*ミラクルスキン,70,65,60,90,75,90,虫,
57,50,ディグダ,じめん,,,,すながくれ,ありじごく,*すなのちから,10,55,25,35,45,95,陸上,
58,50,ディグダ,じめん,はがね,a,アローラ,すながくれ,カーリーヘアー,*すなのちから,10,55,30,35,45,90,陸上,
59,51,ダグトリオ,じめん,,,,すながくれ,ありじごく,*すなのちから,35,100,50,50,70,120,陸上,
60,51,ダグトリオ,じめん,はがね,a,アローラ,すながくれ,カーリーヘアー,*すなのちから,35,100,60,50,70,110,陸上,
61,52,ニャース,ノーマル,,,,ものひろい,テクニシャン,*きんちょうかん,40,45,35,40,40,90,陸上,
62,52,ニャース,あく,,a,アローラ,ものひろい,テクニシャン,*びびり,40,35,35,50,40,90,陸上,
63,52,ニャース,はがね,,g,ガラル,ものひろい,かたいツメ,*きんちょうかん,50,65,55,40,40,40,陸上,
64,53,ペルシアン,ノーマル,,,,じゅうなん,テクニシャン,*きんちょうかん,65,70,60,65,65,115,陸上,
65,53,ペルシアン,あく,,a,アローラ,ファーコート,テクニシャン,*びびり,65,60,60,75,65,115,陸上,
66,54,コダック,みず,,,,しめりけ,ノーてんき,*すいすい,50,52,48,65,50,55,水中1,陸上
67,55,ゴルダック,みず,,,,しめりけ,ノーてんき,*すいすい,80,82,78,95,80,85,水中1,陸上
68,56,マンキー,かくとう,,,,やるき,いかりのつぼ,*まけんき,40,80,35,35,45,70,陸上,
69,57,オコリザル,かくとう,,,,やるき,いかりのつぼ,*まけんき,65,105,60,60,70,95,陸上,
70,58,ガーディ,ほのお,,,,いかく,もらいび,*せいぎのこころ,55,70,45,70,50,60,陸上,
71,59,ウインディ,ほのお,,,,いかく,もらいび,*せいぎのこころ,90,110,80,100,80,95,陸上,
72,60,ニョロモ,みず,,,,ちょすい,しめりけ,*すいすい,40,50,40,40,40,90,水中1,
73,61,ニョロゾ,みず,,,,ちょすい,しめりけ,*すいすい,65,65,65,50,50,90,水中1,
74,62,ニョロボン,みず,かくとう,,,ちょすい,しめりけ,*すいすい,90,95,95,70,90,70,水中1,
75,63,ケーシィ,エスパー,,,,シンクロ,せいしんりょく,*マジックガード,25,20,15,105,55,90,人型,
76,64,ユンゲラー,エスパー,,,,シンクロ,せいしんりょく,*マジックガード,40,35,30,120,70,105,人型,
77,65,フーディン,エスパー,,,,シンクロ,せいしんりょく,*マジックガード,55,50,45,135,95,120,人型,
78,66,ワンリキー,かくとう,,,,こんじょう,ノーガード,*ふくつのこころ,70,80,50,35,35,35,人型,
79,67,ゴーリキー,かくとう,,,,こんじょう,ノーガード,*ふくつのこころ,80,100,70,50,60,45,人型,
80,68,カイリキー,かくとう,,,,こんじょう,ノーガード,*ふくつのこころ,90,130,80,65,85,55,人型,
81,69,マダツボミ,くさ,どく,,,ようりょくそ,*くいしんぼう,,50,75,35,70,30,40,植物,
82,70,ウツドン,くさ,どく,,,ようりょくそ,*くいしんぼう,,65,90,50,85,45,55,植物,
83,71,ウツボット,くさ,どく,,,ようりょくそ,*くいしんぼう,,80,105,65,100,70,70,植物,
84,72,メノクラゲ,みず,どく,,,クリアボディ,ヘドロえき,*あめうけざら,40,40,35,50,100,70,水中3,
85,73,ドククラゲ,みず,どく,,,クリアボディ,ヘドロえき,*あめうけざら,80,70,65,80,120,100,水中3,
86,74,イシツブテ,いわ,じめん,,,いしあたま,がんじょう,*すながくれ,40,80,100,30,30,20,鉱物,
87,74,イシツブテ,いわ,でんき,a,アローラ,じりょく,がんじょう,*エレキスキン,40,80,100,30,30,20,鉱物,
88,75,ゴローン,いわ,じめん,,,いしあたま,がんじょう,*すながくれ,55,95,115,45,45,35,鉱物,
89,75,ゴローン,いわ,でんき,a,アローラ,じりょく,がんじょう,*エレキスキン,55,95,115,45,45,35,鉱物,
90,76,ゴローニャ,いわ,じめん,,,いしあたま,がんじょう,*すながくれ,80,120,130,55,65,45,鉱物,
91,76,ゴローニャ,いわ,でんき,a,アローラ,じりょく,がんじょう,*エレキスキン,80,120,130,55,65,45,鉱物,
92,77,ポニータ,ほのお,,,,にげあし,もらいび,*ほのおのからだ,50,85,55,65,65,90,陸上,
93,77,ポニータ,エスパー,,g,ガラル,にげあし,パステルベール,*きけんよち,50,85,55,65,65,90,陸上,
94,78,ギャロップ,ほのお,,,,にげあし,もらいび,*ほのおのからだ,65,100,70,80,80,105,陸上,
95,78,ギャロップ,エスパー,フェアリー,g,ガラル,にげあし,パステルベール,*きけんよち,65,100,70,80,80,105,陸上,
96,79,ヤドン,みず,エスパー,,,どんかん,マイペース,*さいせいりょく,90,65,65,40,40,15,怪獣,水中1
97,79,ヤドン,エスパー,,g,ガラル,くいしんぼう,マイペース,*さいせいりょく,90,65,65,40,40,15,怪獣,水中1
98,80,ヤドラン,みず,エスパー,,,どんかん,マイペース,*さいせいりょく,95,75,110,100,80,30,怪獣,水中1
99,81,コイル,でんき,はがね,,,じりょく,がんじょう,*アナライズ,25,35,70,95,55,45,鉱物,
100,82,レアコイル,でんき,はがね,,,じりょく,がんじょう,*アナライズ,50,60,95,120,70,70,鉱物,
101,83,カモネギ,ノーマル,ひこう,,,するどいめ,せいしんりょく,*まけんき,52,90,55,58,62,60,飛行,陸上
102,83,カモネギ,かくとう,,g,ガラル,ふくつのこころ,*きもったま,,52,95,55,58,62,55,飛行,陸上
103,84,ドードー,ノーマル,ひこう,,,にげあし,はやおき,*ちどりあし,35,85,45,35,35,75,飛行,
104,85,ドードリオ,ノーマル,ひこう,,,にげあし,はやおき,*ちどりあし,60,110,70,60,60,110,飛行,
105,86,パウワウ,みず,,,,あついしぼう,うるおいボディ,*アイスボディ,65,45,55,45,70,45,水中1,陸上
106,87,ジュゴン,みず,こおり,,,あついしぼう,うるおいボディ,*アイスボディ,90,70,80,70,95,70,水中1,陸上
107,88,ベトベター,どく,,,,あくしゅう,ねんちゃく,*どくしゅ,80,80,50,40,50,25,不定形,
108,88,ベトベター,どく,あく,a,アローラ,どくしゅ,くいしんぼう,*かがくのちから,80,80,50,40,50,25,不定形,
109,89,ベトベトン,どく,,,,あくしゅう,ねんちゃく,*どくしゅ,105,105,75,65,100,50,不定形,
110,89,ベトベトン,どく,あく,a,アローラ,どくしゅ,くいしんぼう,*かがくのちから,105,105,75,65,100,50,不定形,
111,90,シェルダー,みず,,,,シェルアーマー,スキルリンク,*ぼうじん,30,65,100,45,25,40,水中3,
112,91,パルシェン,みず,こおり,,,シェルアーマー,スキルリンク,*ぼうじん,50,95,180,85,45,70,水中3,
113,92,ゴース,ゴースト,どく,,,ふゆう,,,30,35,30,100,35,80,不定形,
114,93,ゴースト,ゴースト,どく,,,ふゆう,,,45,50,45,115,55,95,不定形,
115,94,ゲンガー,ゴースト,どく,,,のろわれボディ,,,60,65,60,130,75,110,不定形,
116,95,イワーク,いわ,じめん,,,いしあたま,がんじょう,*くだけるよろい,35,45,160,30,45,70,鉱物,
117,96,スリープ,エスパー,,,,ふみん,よちむ,*せいしんりょく,60,48,45,43,90,42,人型,
118,97,スリーパー,エスパー,,,,ふみん,よちむ,*せいしんりょく,85,73,70,73,115,67,人型,
119,98,クラブ,みず,,,,かいりきバサミ,シェルアーマー,*ちからずく,30,105,90,25,25,50,水中3,
120,99,キングラー,みず,,,,かいりきバサミ,シェルアーマー,*ちからずく,55,130,115,50,50,75,水中3,
121,100,ビリリダマ,でんき,,,,ぼうおん,せいでんき,*ゆうばく,40,30,50,55,55,100,鉱物,
122,101,マルマイン,でんき,,,,ぼうおん,せいでんき,*ゆうばく,60,50,70,80,80,150,鉱物,
123,102,タマタマ,くさ,エスパー,,,ようりょくそ,*しゅうかく,,60,40,80,60,45,40,植物,
124,103,ナッシー,くさ,エスパー,,,ようりょくそ,*しゅうかく,,95,95,85,125,75,55,植物,
125,103,ナッシー,くさ,ドラゴン,a,アローラ,おみとおし,*しゅうかく,,95,105,85,125,75,45,植物,
126,104,カラカラ,じめん,,,,いしあたま,ひらいしん,*カブトアーマー,50,50,95,40,50,35,怪獣,
127,105,ガラガラ,じめん,,,,いしあたま,ひらいしん,*カブトアーマー,60,80,110,50,80,45,怪獣,
128,105,ガラガラ,ほのお,ゴースト,a,アローラ,のろわれボディ,ひらいしん,*いしあたま,60,80,110,50,80,45,怪獣,
129,106,サワムラー,かくとう,,,,じゅうなん,すてみ,*かるわざ,50,120,53,35,110,87,人型,
130,107,エビワラー,かくとう,,,,するどいめ,てつのこぶし,*せいしんりょく,50,105,79,35,110,76,人型,
131,108,ベロリンガ,ノーマル,,,,マイペース,どんかん,*ノーてんき,90,55,75,60,75,30,怪獣,
132,109,ドガース,どく,,,,ふゆう,,,40,65,95,60,45,35,不定形,
133,110,マタドガス,どく,,,,ふゆう,,,65,90,120,85,70,60,不定形,
134,110,マタドガス,どく,フェアリー,g,ガラル,ふゆう,かがくへんかガス,*ミストメイカー,65,90,120,85,70,60,不定形,
135,111,サイホーン,じめん,いわ,,,ひらいしん,いしあたま,*すてみ,80,85,95,30,30,25,怪獣,陸上
136,112,サイドン,じめん,いわ,,,ひらいしん,いしあたま,*すてみ,105,130,120,45,45,40,怪獣,陸上
137,113,ラッキー,ノーマル,,,,しぜんかいふく,てんのめぐみ,*いやしのこころ,250,5,5,35,105,50,妖精,
138,114,モンジャラ,くさ,,,,ようりょくそ,リーフガード,*さいせいりょく,65,55,115,100,40,60,植物,
139,115,ガルーラ,ノーマル,,,,はやおき,きもったま,*せいしんりょく,105,95,80,40,80,90,怪獣,
140,116,タッツー,みず,,,,すいすい,スナイパー,*しめりけ,30,40,70,70,25,60,水中1,ドラゴン
141,117,シードラ,みず,,,,どくのトゲ,スナイパー,*しめりけ,55,65,95,95,45,85,水中1,ドラゴン
142,118,トサキント,みず,,,,すいすい,みずのベール,*ひらいしん,45,67,60,35,50,63,水中2,
143,119,アズマオウ,みず,,,,すいすい,みずのベール,*ひらいしん,80,92,65,65,80,68,水中2,
144,120,ヒトデマン,みず,,,,はっこう,しぜんかいふく,*アナライズ,30,45,55,70,55,85,水中3,
145,121,スターミー,みず,エスパー,,,はっこう,しぜんかいふく,*アナライズ,60,75,85,100,85,115,水中3,
146,122,バリヤード,エスパー,フェアリー,,,ぼうおん,フィルター,*テクニシャン,40,45,65,100,120,90,人型,
147,122,バリヤード,こおり,エスパー,g,ガラル,やるき,バリアフリー,*アイスボディ,50,65,65,90,90,100,人型,
148,123,ストライク,むし,ひこう,,,むしのしらせ,テクニシャン,*ふくつのこころ,70,110,80,55,80,105,虫,
149,124,ルージュラ,こおり,エスパー,,,どんかん,よちむ,*かんそうはだ,65,50,35,115,95,95,人型,
150,125,エレブー,でんき,,,,せいでんき,*やるき,,65,83,57,95,85,105,人型,
151,126,ブーバー,ほのお,,,,ほのおのからだ,*やるき,,65,95,57,100,85,93,人型,
152,127,カイロス,むし,,,,かいりきバサミ,かたやぶり,*じしんかじょう,65,125,100,55,70,85,虫,
153,128,ケンタロス,ノーマル,,,,いかく,いかりのつぼ,*ちからずく,75,100,95,40,70,110,陸上,
154,129,コイキング,みず,,,,すいすい,*びびり,,20,10,55,15,20,80,水中2,ドラゴン
155,130,ギャラドス,みず,ひこう,,,いかく,*じしんかじょう,,95,125,79,60,100,81,水中2,ドラゴン
156,131,ラプラス,みず,こおり,,,ちょすい,シェルアーマー,*うるおいボディ,130,85,80,85,95,60,怪獣,水中1
157,132,メタモン,ノーマル,,,,じゅうなん,*かわりもの,,48,48,48,48,48,48,メタモン,
158,133,イーブイ,ノーマル,,,,にげあし,てきおうりょく,*きけんよち,55,55,50,45,65,55,陸上,
159,134,シャワーズ,みず,,,,ちょすい,*うるおいボディ,,130,65,60,110,95,65,陸上,
160,135,サンダース,でんき,,,,ちくでん,*はやあし,,65,65,60,110,95,130,陸上,
161,136,ブースター,ほのお,,,,もらいび,*こんじょう,,65,130,60,95,110,65,陸上,
162,137,ポリゴン,ノーマル,,,,トレース,ダウンロード,*アナライズ,65,60,70,85,75,40,鉱物,
163,138,オムナイト,いわ,みず,,,すいすい,シェルアーマー,*くだけるよろい,35,40,100,90,55,35,水中1,水中3
164,139,オムスター,いわ,みず,,,すいすい,シェルアーマー,*くだけるよろい,70,60,125,115,70,55,水中1,水中3
165,140,カブト,いわ,みず,,,すいすい,カブトアーマー,*くだけるよろい,30,80,90,55,45,55,水中1,水中3
166,141,カブトプス,いわ,みず,,,すいすい,カブトアーマー,*くだけるよろい,60,115,105,65,70,80,水中1,水中3
167,142,プテラ,いわ,ひこう,,,いしあたま,プレッシャー,*きんちょうかん,80,105,65,60,75,130,飛行,
168,143,カビゴン,ノーマル,,,,めんえき,あついしぼう,*くいしんぼう,160,110,65,65,110,30,怪獣,
169,144,フリーザー,こおり,ひこう,,,プレッシャー,*ゆきがくれ,,90,85,100,95,125,85,タマゴ未発見,
170,145,サンダー,でんき,ひこう,,,プレッシャー,*せいでんき,,90,90,85,125,90,100,タマゴ未発見,
171,146,ファイヤー,ほのお,ひこう,,,プレッシャー,*ほのおのからだ,,90,100,90,125,85,90,タマゴ未発見,
172,147,ミニリュウ,ドラゴン,,,,だっぴ,*ふしぎなうろこ,,41,64,45,50,50,50,水中1,ドラゴン
173,148,ハクリュー,ドラゴン,,,,だっぴ,*ふしぎなうろこ,,61,84,65,70,70,70,水中1,ドラゴン
174,149,カイリュー,ドラゴン,ひこう,,,せいしんりょく,*マルチスケイル,,91,134,95,100,100,80,水中1,ドラゴン
175,150,ミュウツー,エスパー,,,,プレッシャー,*きんちょうかん,,106,110,90,154,90,130,タマゴ未発見,
176,151,ミュウ,エスパー,,,,シンクロ,,,100,100,100,100,100,100,タマゴ未発見,
177,152,チコリータ,くさ,,,,しんりょく,*リーフガード,,45,49,65,49,65,45,怪獣,植物
178,153,ベイリーフ,くさ,,,,しんりょく,*リーフガード,,60,62,80,63,80,60,怪獣,植物
179,154,メガニウム,くさ,,,,しんりょく,*リーフガード,,80,82,100,83,100,80,怪獣,植物
180,155,ヒノアラシ,ほのお,,,,もうか,*もらいび,,39,52,43,60,50,65,陸上,
181,156,マグマラシ,ほのお,,,,もうか,*もらいび,,58,64,58,80,65,80,陸上,
182,157,バクフーン,ほのお,,,,もうか,*もらいび,,78,84,78,109,85,100,陸上,
183,158,ワニノコ,みず,,,,げきりゅう,*ちからずく,,50,65,64,44,48,43,怪獣,水中1
184,159,アリゲイツ,みず,,,,げきりゅう,*ちからずく,,65,80,80,59,63,58,怪獣,水中1
185,160,オーダイル,みず,,,,げきりゅう,*ちからずく,,85,105,100,79,83,78,怪獣,水中1
186,161,オタチ,ノーマル,,,,にげあし,するどいめ,*おみとおし,35,46,34,35,45,20,陸上,
187,162,オオタチ,ノーマル,,,,にげあし,するどいめ,*おみとおし,85,76,64,45,55,90,陸上,
188,163,ホーホー,ノーマル,ひこう,,,ふみん,するどいめ,*いろめがね,60,30,30,36,56,50,飛行,
189,164,ヨルノズク,ノーマル,ひこう,,,ふみん,するどいめ,*いろめがね,100,50,50,86,96,70,飛行,
190,165,レディバ,むし,ひこう,,,むしのしらせ,はやおき,*びびり,40,20,30,40,80,55,虫,
191,166,レディアン,むし,ひこう,,,むしのしらせ,はやおき,*てつのこぶし,55,35,50,55,110,85,虫,
192,167,イトマル,むし,どく,,,むしのしらせ,ふみん,*スナイパー,40,60,40,40,40,30,虫,
193,168,アリアドス,むし,どく,,,むしのしらせ,ふみん,*スナイパー,70,90,70,60,70,40,虫,
194,169,クロバット,どく,ひこう,,,せいしんりょく,*すりぬけ,,85,90,80,70,80,130,飛行,
195,170,チョンチー,みず,でんき,,,ちくでん,はっこう,*ちょすい,75,38,38,56,56,67,水中2,
196,171,ランターン,みず,でんき,,,ちくでん,はっこう,*ちょすい,125,58,58,76,76,67,水中2,
197,172,ピチュー,でんき,,,,せいでんき,*ひらいしん,,20,40,15,35,35,60,タマゴ未発見,
198,173,ピィ,フェアリー,,,,メロメロボディ,マジックガード,*フレンドガード,50,25,28,45,55,15,タマゴ未発見,
199,174,ププリン,ノーマル,フェアリー,,,メロメロボディ,かちき,*フレンドガード,90,30,15,40,20,15,タマゴ未発見,
200,175,トゲピー,フェアリー,,,,はりきり,てんのめぐみ,*きょううん,35,20,65,40,65,20,タマゴ未発見,
201,176,トゲチック,フェアリー,ひこう,,,はりきり,てんのめぐみ,*きょううん,55,40,85,80,105,40,飛行,妖精
202,177,ネイティ,エスパー,ひこう,,,シンクロ,はやおき,*マジックミラー,40,50,45,70,45,70,飛行,
203,178,ネイティオ,エスパー,ひこう,,,シンクロ,はやおき,*マジックミラー,65,75,70,95,70,95,飛行,
204,179,メリープ,でんき,,,,せいでんき,*プラス,,55,40,40,65,45,35,怪獣,陸上
205,180,モココ,でんき,,,,せいでんき,*プラス,,70,55,55,80,60,45,怪獣,陸上
206,181,デンリュウ,でんき,,,,せいでんき,*プラス,,90,75,85,115,90,55,怪獣,陸上
207,182,キレイハナ,くさ,,,,ようりょくそ,*いやしのこころ,,75,80,95,90,100,50,植物,
208,183,マリル,みず,フェアリー,,,あついしぼう,ちからもち,*そうしょく,70,20,50,20,50,40,水中1,妖精
209,184,マリルリ,みず,フェアリー,,,あついしぼう,ちからもち,*そうしょく,100,50,80,60,80,50,水中1,妖精
210,185,ウソッキー,いわ,,,,がんじょう,いしあたま,*びびり,70,100,115,30,65,30,鉱物,
211,186,ニョロトノ,みず,,,,ちょすい,しめりけ,*あめふらし,90,75,75,90,100,70,水中1,
212,187,ハネッコ,くさ,ひこう,,,ようりょくそ,リーフガード,*すりぬけ,35,35,40,35,55,50,妖精,植物
213,188,ポポッコ,くさ,ひこう,,,ようりょくそ,リーフガード,*すりぬけ,55,45,50,45,65,80,妖精,植物
214,189,ワタッコ,くさ,ひこう,,,ようりょくそ,リーフガード,*すりぬけ,75,55,70,55,95,110,妖精,植物
215,190,エイパム,ノーマル,,,,にげあし,ものひろい,*スキルリンク,55,70,55,40,55,85,陸上,
216,191,ヒマナッツ,くさ,,,,ようりょくそ,サンパワー,*はやおき,30,30,30,30,30,30,植物,
217,192,キマワリ,くさ,,,,ようりょくそ,サンパワー,*はやおき,75,75,55,105,85,30,植物,
218,193,ヤンヤンマ,むし,ひこう,,,かそく,ふくがん,*おみとおし,65,65,45,75,45,95,虫,
219,194,ウパー,みず,じめん,,,しめりけ,ちょすい,*てんねん,55,45,45,25,25,15,水中1,陸上
220,195,ヌオー,みず,じめん,,,しめりけ,ちょすい,*てんねん,95,85,85,65,65,35,水中1,陸上
221,196,エーフィ,エスパー,,,,シンクロ,*マジックミラー,,65,65,60,130,95,110,陸上,
222,197,ブラッキー,あく,,,,シンクロ,*せいしんりょく,,95,65,110,60,130,65,陸上,
223,198,ヤミカラス,あく,ひこう,,,ふみん,きょううん,*いたずらごころ,60,85,42,85,42,91,飛行,
224,199,ヤドキング,みず,エスパー,,,どんかん,マイペース,*さいせいりょく,95,75,80,100,110,30,怪獣,水中1
225,200,ムウマ,ゴースト,,,,ふゆう,,,60,60,60,85,85,85,不定形,
226,201,アンノーン,エスパー,,,,ふゆう,,,48,72,48,72,48,48,タマゴ未発見,
227,202,ソーナンス,エスパー,,,,かげふみ,*テレパシー,,190,33,58,33,58,33,不定形,
228,203,キリンリキ,ノーマル,エスパー,,,せいしんりょく,はやおき,*そうしょく,70,80,65,90,65,85,陸上,
229,204,クヌギダマ,むし,,,,がんじょう,*ぼうじん,,50,65,90,35,35,15,虫,
230,205,フォレトス,むし,はがね,,,がんじょう,*ぼうじん,,75,90,140,60,60,40,虫,
231,206,ノコッチ,ノーマル,,,,てんのめぐみ,にげあし,*びびり,100,70,70,65,65,45,陸上,
232,207,グライガー,じめん,ひこう,,,かいりきバサミ,すながくれ,*めんえき,65,75,105,35,65,85,虫,
233,208,ハガネール,はがね,じめん,,,いしあたま,がんじょう,*ちからずく,75,85,200,55,65,30,鉱物,
234,209,ブルー,フェアリー,,,,いかく,にげあし,*びびり,60,80,50,40,40,30,陸上,妖精
235,210,グランブル,フェアリー,,,,いかく,はやあし,*びびり,90,120,75,60,60,45,陸上,妖精
236,211,ハリーセン,みず,どく,,,どくのトゲ,すいすい,*いかく,65,95,85,55,55,85,水中2,
237,212,ハッサム,むし,はがね,,,むしのしらせ,テクニシャン,*ライトメタル,70,130,100,55,80,65,虫,
238,213,ツボツボ,むし,いわ,,,がんじょう,くいしんぼう,*あまのじゃく,20,10,230,10,230,5,虫,
239,214,ヘラクロス,むし,かくとう,,,むしのしらせ,こんじょう,*じしんかじょう,80,125,75,40,95,85,虫,
240,215,ニューラ,あく,こおり,,,せいしんりょく,するどいめ,*わるいてぐせ,55,95,55,35,75,115,陸上,
241,216,ヒメグマ,ノーマル,,,,ものひろい,はやあし,*みつあつめ,60,80,50,50,50,40,陸上,
242,217,リングマ,ノーマル,,,,こんじょう,はやあし,*きんちょうかん,90,130,75,75,75,55,陸上,
243,218,マグマッグ,ほのお,,,,マグマのよろい,ほのおのからだ,*くだけるよろい,40,40,40,70,40,20,不定形,
244,219,マグカルゴ,ほのお,いわ,,,マグマのよろい,ほのおのからだ,*くだけるよろい,60,50,120,90,80,30,不定形,
245,220,ウリムー,こおり,じめん,,,どんかん,ゆきがくれ,*あついしぼう,50,50,40,30,30,50,陸上,
246,221,イノムー,こおり,じめん,,,どんかん,ゆきがくれ,*あついしぼう,100,100,80,60,60,50,陸上,
247,222,サニーゴ,みず,いわ,,,はりきり,しぜんかいふく,*さいせいりょく,65,55,95,65,95,35,水中1,水中3
248,222,サニーゴ,ゴースト,,g,ガラル,くだけるよろい,*のろわれボディ,,60,55,100,65,100,30,水中1,水中3
249,223,テッポウオ,みず,,,,はりきり,スナイパー,*ムラっけ,35,65,35,65,35,65,水中1,水中2
250,224,オクタン,みず,,,,きゅうばん,スナイパー,*ムラっけ,75,105,75,105,75,45,水中1,水中2
251,225,デリバード,こおり,ひこう,,,やるき,はりきり,*ふみん,45,55,45,65,45,75,水中1,陸上
252,226,マンタイン,みず,ひこう,,,すいすい,ちょすい,*みずのベール,85,40,70,80,140,70,水中1,
253,227,エアームド,はがね,ひこう,,,するどいめ,がんじょう,*くだけるよろい,65,80,140,40,70,70,飛行,
254,228,デルビル,あく,ほのお,,,はやおき,もらいび,*きんちょうかん,45,60,30,80,50,65,陸上,
255,229,ヘルガー,あく,ほのお,,,はやおき,もらいび,*きんちょうかん,75,90,50,110,80,95,陸上,
256,230,キングドラ,みず,ドラゴン,,,すいすい,スナイパー,*しめりけ,75,95,95,95,95,85,水中1,ドラゴン
257,231,ゴマゾウ,じめん,,,,ものひろい,*すながくれ,,90,60,60,40,40,40,陸上,
258,232,ドンファン,じめん,,,,がんじょう,*すながくれ,,90,120,120,60,60,50,陸上,
259,233,ポリゴン2,ノーマル,,,,トレース,ダウンロード,*アナライズ,85,80,90,105,95,60,鉱物,
260,234,オドシシ,ノーマル,,,,いかく,おみとおし,*そうしょく,73,95,62,85,65,85,陸上,
261,235,ドーブル,ノーマル,,,,マイペース,テクニシャン,*ムラっけ,55,20,35,20,45,75,陸上,
262,236,バルキー,かくとう,,,,こんじょう,ふくつのこころ,*やるき,35,35,35,35,35,35,タマゴ未発見,
263,237,カポエラー,かくとう,,,,いかく,テクニシャン,*ふくつのこころ,50,95,95,35,110,70,人型,
264,238,ムチュール,こおり,エスパー,,,どんかん,よちむ,*うるおいボディ,45,30,15,85,65,65,タマゴ未発見,
265,239,エレキッド,でんき,,,,せいでんき,*やるき,,45,63,37,65,55,95,タマゴ未発見,
266,240,ブビィ,ほのお,,,,ほのおのからだ,*やるき,,45,75,37,70,55,83,タマゴ未発見,
267,241,ミルタンク,ノーマル,,,,あついしぼう,きもったま,*そうしょく,95,80,105,40,70,100,陸上,
268,242,ハピナス,ノーマル,,,,しぜんかいふく,てんのめぐみ,*いやしのこころ,255,10,10,75,135,55,妖精,
269,243,ライコウ,でんき,,,,プレッシャー,*せいしんりょく,,90,85,75,115,100,115,タマゴ未発見,
270,244,エンテイ,ほのお,,,,プレッシャー,*せいしんりょく,,115,115,85,90,75,100,タマゴ未発見,
271,245,スイクン,みず,,,,プレッシャー,*せいしんりょく,,100,75,115,90,115,85,タマゴ未発見,
272,246,ヨーギラス,いわ,じめん,,,こんじょう,*すながくれ,,50,64,50,45,50,41,怪獣,
273,247,サナギラス,いわ,じめん,,,だっぴ,,,70,84,70,65,70,51,怪獣,
274,248,バンギラス,いわ,あく,,,すなおこし,*きんちょうかん,,100,134,110,95,100,61,怪獣,
275,249,ルギア,エスパー,ひこう,,,プレッシャー,*マルチスケイル,,106,90,130,90,154,110,タマゴ未発見,
276,250,ホウオウ,ほのお,ひこう,,,プレッシャー,*さいせいりょく,,106,130,90,110,154,90,タマゴ未発見,
277,251,セレビィ,エスパー,くさ,,,しぜんかいふく,,,100,100,100,100,100,100,タマゴ未発見,
278,252,キモリ,くさ,,,,しんりょく,*かるわざ,,40,45,35,65,55,70,怪獣,ドラゴン
279,253,ジュプトル,くさ,,,,しんりょく,*かるわざ,,50,65,45,85,65,95,怪獣,ドラゴン
280,254,ジュカイン,くさ,,,,しんりょく,*かるわざ,,70,85,65,105,85,120,怪獣,ドラゴン
281,255,アチャモ,ほのお,,,,もうか,*かそく,,45,60,40,70,50,45,陸上,
282,256,ワカシャモ,ほのお,かくとう,,,もうか,*かそく,,60,85,60,85,60,55,陸上,
283,257,バシャーモ,ほのお,かくとう,,,もうか,*かそく,,80,120,70,110,70,80,陸上,
284,258,ミズゴロウ,みず,,,,げきりゅう,*しめりけ,,50,70,50,50,50,40,怪獣,水中1
285,259,ヌマクロー,みず,じめん,,,げきりゅう,*しめりけ,,70,85,70,60,70,50,怪獣,水中1
286,260,ラグラージ,みず,じめん,,,げきりゅう,*しめりけ,,100,110,90,85,90,60,怪獣,水中1
287,261,ポチエナ,あく,,,,にげあし,はやあし,*びびり,35,55,35,30,30,35,陸上,
288,262,グラエナ,あく,,,,いかく,はやあし,*じしんかじょう,70,90,70,60,60,70,陸上,
289,263,ジグザグマ,ノーマル,,,,ものひろい,くいしんぼう,*はやあし,38,30,41,30,41,60,陸上,
290,263,ジグザグマ,あく,ノーマル,g,ガラル,ものひろい,くいしんぼう,*はやあし,38,30,41,30,41,60,陸上,
291,264,マッスグマ,ノーマル,,,,ものひろい,くいしんぼう,*はやあし,78,70,61,50,61,100,陸上,
292,264,マッスグマ,あく,ノーマル,g,ガラル,ものひろい,くいしんぼう,*はやあし,78,70,61,50,61,100,陸上,
293,265,ケムッソ,むし,,,,りんぷん,*にげあし,,45,45,35,20,30,20,虫,
294,266,カラサリス,むし,,,,だっぴ,,,50,35,55,25,25,15,虫,
295,267,アゲハント,むし,ひこう,,,むしのしらせ,*とうそうしん,,60,70,50,100,50,65,虫,
296,268,マユルド,むし,,,,だっぴ,,,50,35,55,25,25,15,虫,
297,269,ドクケイル,むし,どく,,,りんぷん,*ふくがん,,60,50,70,50,90,65,虫,
298,270,ハスボー,みず,くさ,,,すいすい,あめうけざら,*マイペース,40,30,30,40,50,30,水中1,植物
299,271,ハスブレロ,みず,くさ,,,すいすい,あめうけざら,*マイペース,60,50,50,60,70,50,水中1,植物
300,272,ルンパッパ,みず,くさ,,,すいすい,あめうけざら,*マイペース,80,70,70,90,100,70,水中1,植物
301,273,タネボー,くさ,,,,ようりょくそ,はやおき,*わるいてぐせ,40,40,50,30,30,30,陸上,植物
302,274,コノハナ,くさ,あく,,,ようりょくそ,はやおき,*わるいてぐせ,70,70,40,60,40,60,陸上,植物
303,275,ダーテング,くさ,あく,,,ようりょくそ,はやおき,*わるいてぐせ,90,100,60,90,60,80,陸上,植物
304,276,スバメ,ノーマル,ひこう,,,こんじょう,*きもったま,,40,55,30,30,30,85,飛行,
305,277,オオスバメ,ノーマル,ひこう,,,こんじょう,*きもったま,,60,85,60,75,50,125,飛行,
306,278,キャモメ,みず,ひこう,,,するどいめ,うるおいボディ,*あめうけざら,40,30,30,55,30,85,水中1,飛行
307,279,ペリッパー,みず,ひこう,,,するどいめ,あめふらし,*あめうけざら,60,50,100,95,70,65,水中1,飛行
308,280,ラルトス,エスパー,フェアリー,,,シンクロ,トレース,*テレパシー,28,25,25,45,35,40,不定形,
309,281,キルリア,エスパー,フェアリー,,,シンクロ,トレース,*テレパシー,38,35,35,65,55,50,不定形,
310,282,サーナイト,エスパー,フェアリー,,,シンクロ,トレース,*テレパシー,68,65,65,125,115,80,不定形,
311,283,アメタマ,むし,みず,,,すいすい,*あめうけざら,,40,30,32,50,52,65,水中1,虫
312,284,アメモース,むし,ひこう,,,いかく,*きんちょうかん,,70,60,62,100,82,80,水中1,虫
313,285,キノココ,くさ,,,,ほうし,ポイズンヒール,*はやあし,60,40,60,40,60,35,妖精,植物
314,286,キノガッサ,くさ,かくとう,,,ほうし,ポイズンヒール,*テクニシャン,60,130,80,60,60,70,妖精,植物
315,287,ナマケロ,ノーマル,,,,なまけ,,,60,60,60,35,35,30,陸上,
316,288,ヤルキモノ,ノーマル,,,,やるき,,,80,80,80,55,55,90,陸上,
317,289,ケッキング,ノーマル,,,,なまけ,,,150,160,100,95,65,100,陸上,
318,290,ツチニン,むし,じめん,,,ふくがん,*にげあし,,31,45,90,30,30,40,虫,
319,291,テッカニン,むし,ひこう,,,かそく,*すりぬけ,,61,90,45,50,50,160,虫,
320,292,ヌケニン,むし,ゴースト,,,ふしぎなまもり,,,1,90,45,30,30,40,鉱物,
321,293,ゴニョニョ,ノーマル,,,,ぼうおん,*びびり,,64,51,23,51,23,28,怪獣,陸上
322,294,ドゴーム,ノーマル,,,,ぼうおん,*きもったま,,84,71,43,71,43,48,怪獣,陸上
323,295,バクオング,ノーマル,,,,ぼうおん,*きもったま,,104,91,63,91,73,68,怪獣,陸上
324,296,マクノシタ,かくとう,,,,あついしぼう,こんじょう,*ちからずく,72,60,30,20,30,25,人型,
325,297,ハリテヤマ,かくとう,,,,あついしぼう,こんじょう,*ちからずく,144,120,60,40,60,50,人型,
326,298,ルリリ,ノーマル,フェアリー,,,あついしぼう,ちからもち,*そうしょく,50,20,40,20,40,20,タマゴ未発見,
327,299,ノズパス,いわ,,,,がんじょう,じりょく,*すなのちから,30,45,135,45,90,30,鉱物,
328,300,エネコ,ノーマル,,,,メロメロボディ,ノーマルスキン,*ミラクルスキン,50,45,45,35,35,50,陸上,妖精
329,301,エネコロロ,ノーマル,,,,メロメロボディ,ノーマルスキン,*ミラクルスキン,70,65,65,55,55,90,陸上,妖精
330,302,ヤミラミ,あく,ゴースト,,,するどいめ,あとだし,*いたずらごころ,50,75,75,65,65,50,人型,
331,303,クチート,はがね,フェアリー,,,かいりきバサミ,いかく,*ちからずく,50,85,85,55,55,50,陸上,妖精
332,304,ココドラ,はがね,いわ,,,がんじょう,いしあたま,*ヘヴィメタル,50,70,100,40,40,30,怪獣,
333,305,コドラ,はがね,いわ,,,がんじょう,いしあたま,*ヘヴィメタル,60,90,140,50,50,40,怪獣,
334,306,ボスゴドラ,はがね,いわ,,,がんじょう,いしあたま,*ヘヴィメタル,70,110,180,60,60,50,怪獣,
335,307,アサナン,かくとう,エスパー,,,ヨガパワー,*テレパシー,,30,40,55,40,55,60,人型,
336,308,チャーレム,かくとう,エスパー,,,ヨガパワー,*テレパシー,,60,60,75,60,75,80,人型,
337,309,ラクライ,でんき,,,,せいでんき,ひらいしん,*マイナス,40,45,40,65,40,65,陸上,
338,310,ライボルト,でんき,,,,せいでんき,ひらいしん,*マイナス,70,75,60,105,60,105,陸上,
339,311,プラスル,でんき,,,,プラス,*ひらいしん,,60,50,40,85,75,95,妖精,
340,312,マイナン,でんき,,,,マイナス,*ちくでん,,60,40,50,75,85,95,妖精,
341,313,バルビート,むし,,,,はっこう,むしのしらせ,*いたずらごころ,65,73,75,47,85,85,虫,人型
342,314,イルミーゼ,むし,,,,どんかん,いろめがね,*いたずらごころ,65,47,75,73,85,85,虫,人型
343,315,ロゼリア,くさ,どく,,,しぜんかいふく,どくのトゲ,*リーフガード,50,60,45,100,80,65,妖精,植物
344,316,ゴクリン,どく,,,,ヘドロえき,ねんちゃく,*くいしんぼう,70,43,53,43,53,40,不定形,
345,317,マルノーム,どく,,,,ヘドロえき,ねんちゃく,*くいしんぼう,100,73,83,73,83,55,不定形,
346,318,キバニア,みず,あく,,,さめはだ,*かそく,,45,90,20,65,20,65,水中2,
347,319,サメハダー,みず,あく,,,さめはだ,*かそく,,70,120,40,95,40,95,水中2,
348,320,ホエルコ,みず,,,,みずのベール,どんかん,*プレッシャー,130,70,35,70,35,60,陸上,水中2
349,321,ホエルオー,みず,,,,みずのベール,どんかん,*プレッシャー,170,90,45,90,45,60,陸上,水中2
350,322,ドンメル,ほのお,じめん,,,どんかん,たんじゅん,*マイペース,60,60,40,65,45,35,陸上,
351,323,バクーダ,ほのお,じめん,,,マグマのよろい,ハードロック,*いかりのつぼ,70,100,70,105,75,40,陸上,
352,324,コータス,ほのお,,,,しろいけむり,ひでり,*シェルアーマー,70,85,140,85,70,20,陸上,
353,325,バネブー,エスパー,,,,あついしぼう,マイペース,*くいしんぼう,60,25,35,70,80,60,陸上,
354,326,ブーピッグ,エスパー,,,,あついしぼう,マイペース,*くいしんぼう,80,45,65,90,110,80,陸上,
355,327,パッチール,ノーマル,,,,マイペース,ちどりあし,*あまのじゃく,60,60,60,60,60,60,陸上,人型
356,328,ナックラー,じめん,,,,かいりきバサミ,ありじごく,*ちからずく,45,100,45,45,45,10,虫,
357,329,ビブラーバ,じめん,ドラゴン,,,ふゆう,,,50,70,50,50,50,70,虫,
358,330,フライゴン,じめん,ドラゴン,,,ふゆう,,,80,100,80,80,80,100,虫,
359,331,サボネア,くさ,,,,すながくれ,*ちょすい,,50,85,40,85,40,35,植物,人型
360,332,ノクタス,くさ,あく,,,すながくれ,*ちょすい,,70,115,60,115,60,55,植物,人型
361,333,チルット,ノーマル,ひこう,,,しぜんかいふく,*ノーてんき,,45,40,60,40,75,50,飛行,ドラゴン
362,334,チルタリス,ドラゴン,ひこう,,,しぜんかいふく,*ノーてんき,,75,70,90,70,105,80,飛行,ドラゴン
363,335,ザングース,ノーマル,,,,めんえき,*どくぼうそう,,73,115,60,60,60,90,陸上,
364,336,ハブネーク,どく,,,,だっぴ,*すりぬけ,,73,100,60,100,60,65,陸上,ドラゴン
365,337,ルナトーン,いわ,エスパー,,,ふゆう,,,90,55,65,95,85,70,鉱物,
366,338,ソルロック,いわ,エスパー,,,ふゆう,,,90,95,85,55,65,70,鉱物,
367,339,ドジョッチ,みず,じめん,,,どんかん,きけんよち,*うるおいボディ,50,48,43,46,41,60,水中2,
368,340,ナマズン,みず,じめん,,,どんかん,きけんよち,*うるおいボディ,110,78,73,76,71,60,水中2,
369,341,ヘイガニ,みず,,,,かいりきバサミ,シェルアーマー,*てきおうりょく,43,80,65,50,35,35,水中1,水中3
370,342,シザリガー,みず,あく,,,かいりきバサミ,シェルアーマー,*てきおうりょく,63,120,85,90,55,55,水中1,水中3
371,343,ヤジロン,じめん,エスパー,,,ふゆう,,,40,40,55,40,70,55,鉱物,
372,344,ネンドール,じめん,エスパー,,,ふゆう,,,60,70,105,70,120,75,鉱物,
373,345,リリーラ,いわ,くさ,,,きゅうばん,*よびみず,,66,41,77,61,87,23,水中3,
374,346,ユレイドル,いわ,くさ,,,きゅうばん,*よびみず,,86,81,97,81,107,43,水中3,
375,347,アノプス,いわ,むし,,,カブトアーマー,*すいすい,,45,95,50,40,50,75,水中3,
376,348,アーマルド,いわ,むし,,,カブトアーマー,*すいすい,,75,125,100,70,80,45,水中3,
377,349,ヒンバス,みず,,,,すいすい,どんかん,*てきおうりょく,20,15,20,10,55,80,水中1,ドラゴン
378,350,ミロカロス,みず,,,,ふしぎなうろこ,かちき,*メロメロボディ,95,60,79,100,125,81,水中1,ドラゴン
379,351,ポワルン,ノーマル,,,,てんきや,,,70,70,70,70,70,70,妖精,不定形
380,352,カクレオン,ノーマル,,,,へんしょく,*へんげんじざい,,60,90,70,60,120,40,陸上,
381,353,カゲボウズ,ゴースト,,,,ふみん,おみとおし,*のろわれボディ,44,75,35,63,33,45,不定形,
382,354,ジュペッタ,ゴースト,,,,ふみん,おみとおし,*のろわれボディ,64,115,65,83,63,65,不定形,
383,355,ヨマワル,ゴースト,,,,ふゆう,*おみとおし,,20,40,90,30,90,25,不定形,
384,356,サマヨール,ゴースト,,,,プレッシャー,*おみとおし,,40,70,130,60,130,25,不定形,
385,357,トロピウス,くさ,ひこう,,,ようりょくそ,サンパワー,*しゅうかく,99,68,83,72,87,51,怪獣,植物
386,358,チリーン,エスパー,,,,ふゆう,,,75,50,80,95,90,65,不定形,
387,359,アブソル,あく,,,,プレッシャー,きょううん,*せいぎのこころ,65,130,60,75,60,75,陸上,
388,360,ソーナノ,エスパー,,,,かげふみ,*テレパシー,,95,23,48,23,48,23,タマゴ未発見,
389,361,ユキワラシ,こおり,,,,せいしんりょく,アイスボディ,*ムラっけ,50,50,50,50,50,50,妖精,鉱物
390,362,オニゴーリ,こおり,,,,せいしんりょく,アイスボディ,*ムラっけ,80,80,80,80,80,80,妖精,鉱物
391,363,タマザラシ,こおり,みず,,,あついしぼう,アイスボディ,*どんかん,70,40,50,55,50,25,水中1,陸上
392,364,トドグラー,こおり,みず,,,あついしぼう,アイスボディ,*どんかん,90,60,70,75,70,45,水中1,陸上
393,365,トドゼルガ,こおり,みず,,,あついしぼう,アイスボディ,*どんかん,110,80,90,95,90,65,水中1,陸上
394,366,パールル,みず,,,,シェルアーマー,*びびり,,35,64,85,74,55,32,水中1,
395,367,ハンテール,みず,,,,すいすい,*みずのベール,,55,104,105,94,75,52,水中1,
396,368,サクラビス,みず,,,,すいすい,*うるおいボディ,,55,84,105,114,75,52,水中1,
397,369,ジーランス,みず,いわ,,,すいすい,いしあたま,*がんじょう,100,90,130,45,65,55,水中1,水中2
398,370,ラブカス,みず,,,,すいすい,*うるおいボディ,,43,30,55,40,65,97,水中2,
399,371,タツベイ,ドラゴン,,,,いしあたま,*ちからずく,,45,75,60,40,30,50,ドラゴン,
400,372,コモルー,ドラゴン,,,,いしあたま,*ぼうじん,,65,95,100,60,50,50,ドラゴン,
401,373,ボーマンダ,ドラゴン,ひこう,,,いかく,*じしんかじょう,,95,135,80,110,80,100,ドラゴン,
402,374,ダンバル,はがね,エスパー,,,クリアボディ,*ライトメタル,,40,55,80,35,60,30,鉱物,
403,375,メタング,はがね,エスパー,,,クリアボディ,*ライトメタル,,60,75,100,55,80,50,鉱物,
404,376,メタグロス,はがね,エスパー,,,クリアボディ,*ライトメタル,,80,135,130,95,90,70,鉱物,
405,377,レジロック,いわ,,,,クリアボディ,*がんじょう,,80,100,200,50,100,50,タマゴ未発見,
406,378,レジアイス,こおり,,,,クリアボディ,*アイスボディ,,80,50,100,100,200,50,タマゴ未発見,
407,379,レジスチル,はがね,,,,クリアボディ,*ライトメタル,,80,75,150,75,150,50,タマゴ未発見,
408,380,ラティアス,ドラゴン,エスパー,,,ふゆう,,,80,80,90,110,130,110,タマゴ未発見,
409,381,ラティオス,ドラゴン,エスパー,,,ふゆう,,,80,90,80,130,110,110,タマゴ未発見,
410,382,カイオーガ,みず,,,,あめふらし,,,100,100,90,150,140,90,タマゴ未発見,
411,383,グラードン,じめん,,,,ひでり,,,100,150,140,100,90,90,タマゴ未発見,
412,384,レックウザ,ドラゴン,ひこう,,,エアロック,,,105,150,90,150,90,95,タマゴ未発見,
413,385,ジラーチ,はがね,エスパー,,,てんのめぐみ,,,100,100,100,100,100,100,タマゴ未発見,
414,386,デオキシス,エスパー,,n,ノーマル,プレッシャー,,,50,150,50,150,50,150,タマゴ未発見,
415,386,デオキシス,エスパー,,a,アタック,プレッシャー,,,50,180,20,180,20,150,タマゴ未発見,
416,386,デオキシス,エスパー,,d,ディフェンス,プレッシャー,,,50,70,160,70,160,90,タマゴ未発見,
417,386,デオキシス,エスパー,,s,スピード,プレッシャー,,,50,95,90,95,90,180,タマゴ未発見,
418,387,ナエトル,くさ,,,,しんりょく,*シェルアーマー,,55,68,64,45,55,31,怪獣,植物
419,388,ハヤシガメ,くさ,,,,しんりょく,*シェルアーマー,,75,89,85,55,65,36,怪獣,植物
420,389,ドダイトス,くさ,じめん,,,しんりょく,*シェルアーマー,,95,109,105,75,85,56,怪獣,植物
421,390,ヒコザル,ほのお,,,,もうか,*てつのこぶし,,44,58,44,58,44,61,陸上,人型
422,391,モウカザル,ほのお,かくとう,,,もうか,*てつのこぶし,,64,78,52,78,52,81,陸上,人型
423,392,ゴウカザル,ほのお,かくとう,,,もうか,*てつのこぶし,,76,104,71,104,71,108,陸上,人型
424,393,ポッチャマ,みず,,,,げきりゅう,*まけんき,,53,51,53,61,56,40,水中1,陸上
425,394,ポッタイシ,みず,,,,げきりゅう,*まけんき,,64,66,68,81,76,50,水中1,陸上
426,395,エンペルト,みず,はがね,,,げきりゅう,*まけんき,,84,86,88,111,101,60,水中1,陸上
427,396,ムックル,ノーマル,ひこう,,,するどいめ,*すてみ,,40,55,30,30,30,60,飛行,
428,397,ムクバード,ノーマル,ひこう,,,いかく,*すてみ,,55,75,50,40,40,80,飛行,
429,398,ムクホーク,ノーマル,ひこう,,,いかく,*すてみ,,85,120,70,50,60,100,飛行,
430,399,ビッパ,ノーマル,,,,たんじゅん,てんねん,*ムラっけ,59,45,40,35,40,31,水中1,陸上
431,400,ビーダル,ノーマル,みず,,,たんじゅん,てんねん,*ムラっけ,79,85,60,55,60,71,水中1,陸上
432,401,コロボーシ,むし,,,,だっぴ,*にげあし,,37,25,41,25,41,25,虫,
433,402,コロトック,むし,,,,むしのしらせ,*テクニシャン,,77,85,51,55,51,65,虫,
434,403,コリンク,でんき,,,,とうそうしん,いかく,*こんじょう,45,65,34,40,34,45,陸上,
435,404,ルクシオ,でんき,,,,とうそうしん,いかく,*こんじょう,60,85,49,60,49,60,陸上,
436,405,レントラー,でんき,,,,とうそうしん,いかく,*こんじょう,80,120,79,95,79,70,陸上,
437,406,スボミー,くさ,どく,,,しぜんかいふく,どくのトゲ,*リーフガード,40,30,35,50,70,55,タマゴ未発見,
438,407,ロズレイド,くさ,どく,,,しぜんかいふく,どくのトゲ,*テクニシャン,60,70,65,125,105,90,妖精,植物
439,408,ズガイドス,いわ,,,,かたやぶり,*ちからずく,,67,125,40,30,30,58,怪獣,
440,409,ラムパルド,いわ,,,,かたやぶり,*ちからずく,,97,165,60,65,50,58,怪獣,
441,410,タテトプス,いわ,はがね,,,がんじょう,*ぼうおん,,30,42,118,42,88,30,怪獣,
442,411,トリデプス,いわ,はがね,,,がんじょう,*ぼうおん,,60,52,168,47,138,30,怪獣,
443,412,ミノムッチ,むし,,,,だっぴ,*ぼうじん,,40,29,45,29,45,36,虫,
444,413,ミノマダム,むし,くさ,g,くさき,きけんよち,*ぼうじん,,60,59,85,79,105,36,虫,
445,413,ミノマダム,むし,じめん,s,すなち,きけんよち,*ぼうじん,,60,79,105,59,85,36,虫,
446,413,ミノマダム,むし,はがね,d,ゴミ,きけんよち,*ぼうじん,,60,69,95,69,95,36,虫,
447,414,ガーメイル,むし,ひこう,,,むしのしらせ,*いろめがね,,70,94,50,94,50,66,虫,
448,415,ミツハニー,むし,ひこう,,,みつあつめ,*はりきり,,30,30,42,30,42,70,虫,
449,416,ビークイン,むし,ひこう,,,プレッシャー,*きんちょうかん,,70,80,102,80,102,40,虫,
450,417,パチリス,でんき,,,,にげあし,ものひろい,*ちくでん,60,45,70,45,90,95,陸上,妖精
451,418,ブイゼル,みず,,,,すいすい,*みずのベール,,55,65,35,60,30,85,水中1,陸上
452,419,フローゼル,みず,,,,すいすい,*みずのベール,,85,105,55,85,50,115,水中1,陸上
453,420,チェリンボ,くさ,,,,ようりょくそ,,,45,35,45,62,53,35,妖精,植物
454,421,チェリム,くさ,,,,フラワーギフト,,,70,60,70,87,78,85,妖精,植物
455,422,カラナクシ,みず,,,,ねんちゃく,よびみず,*すなのちから,76,48,48,57,62,34,水中1,不定形
456,423,トリトドン,みず,じめん,,,ねんちゃく,よびみず,*すなのちから,111,83,68,92,82,39,水中1,不定形
457,424,エテボース,ノーマル,,,,テクニシャン,ものひろい,*スキルリンク,75,100,66,60,66,115,陸上,
458,425,フワンテ,ゴースト,ひこう,,,ゆうばく,かるわざ,*ねつぼうそう,90,50,34,60,44,70,不定形,
459,426,フワライド,ゴースト,ひこう,,,ゆうばく,かるわざ,*ねつぼうそう,150,80,44,90,54,80,不定形,
460,427,ミミロル,ノーマル,,,,にげあし,ぶきよう,*じゅうなん,55,66,44,44,56,85,陸上,人型
461,428,ミミロップ,ノーマル,,,,メロメロボディ,ぶきよう,*じゅうなん,65,76,84,54,96,105,陸上,人型
462,429,ムウマージ,ゴースト,,,,ふゆう,,,60,60,60,105,105,105,不定形,
463,430,ドンカラス,あく,ひこう,,,ふみん,きょううん,*じしんかじょう,100,125,52,105,52,71,飛行,
464,431,ニャルマー,ノーマル,,,,じゅうなん,マイペース,*するどいめ,49,55,42,42,37,85,陸上,
465,432,ブニャット,ノーマル,,,,あついしぼう,マイペース,*まけんき,71,82,64,64,59,112,陸上,
466,433,リーシャン,エスパー,,,,ふゆう,,,45,30,50,65,50,45,タマゴ未発見,
467,434,スカンプー,どく,あく,,,あくしゅう,ゆうばく,*するどいめ,63,63,47,41,41,74,陸上,
468,435,スカタンク,どく,あく,,,あくしゅう,ゆうばく,*するどいめ,103,93,67,71,61,84,陸上,
469,436,ドーミラー,はがね,エスパー,,,ふゆう,たいねつ,*ヘヴィメタル,57,24,86,24,86,23,鉱物,
470,437,ドータクン,はがね,エスパー,,,ふゆう,たいねつ,*ヘヴィメタル,67,89,116,79,116,33,鉱物,
471,438,ウソハチ,いわ,,,,がんじょう,いしあたま,*びびり,50,80,95,10,45,10,タマゴ未発見,
472,439,マネネ,エスパー,フェアリー,,,ぼうおん,フィルター,*テクニシャン,20,25,45,70,90,60,タマゴ未発見,
473,440,ピンプク,ノーマル,,,,しぜんかいふく,てんのめぐみ,*フレンドガード,100,5,5,15,65,30,タマゴ未発見,
474,441,ペラップ,ノーマル,ひこう,,,するどいめ,ちどりあし,*はとむね,76,65,45,92,42,91,飛行,
475,442,ミカルゲ,ゴースト,あく,,,プレッシャー,*すりぬけ,,50,92,108,92,108,35,不定形,
476,443,フカマル,ドラゴン,じめん,,,すながくれ,*さめはだ,,58,70,45,40,45,42,怪獣,ドラゴン
477,444,ガバイト,ドラゴン,じめん,,,すながくれ,*さめはだ,,68,90,65,50,55,82,怪獣,ドラゴン
478,445,ガブリアス,ドラゴン,じめん,,,すながくれ,*さめはだ,,108,130,95,80,85,102,怪獣,ドラゴン
479,446,ゴンベ,ノーマル,,,,ものひろい,あついしぼう,*くいしんぼう,135,85,40,40,85,5,タマゴ未発見,
480,447,リオル,かくとう,,,,ふくつのこころ,せいしんりょく,*いたずらごころ,40,70,40,35,40,60,タマゴ未発見,
481,448,ルカリオ,かくとう,はがね,,,ふくつのこころ,せいしんりょく,*せいぎのこころ,70,110,70,115,70,90,陸上,人型
482,449,ヒポポタス,じめん,,,,すなおこし,*すなのちから,,68,72,78,38,42,32,陸上,
483,450,カバルドン,じめん,,,,すなおこし,*すなのちから,,108,112,118,68,72,47,陸上,
484,451,スコルピ,どく,むし,,,カブトアーマー,スナイパー,*するどいめ,40,50,90,30,55,65,虫,水中3
485,452,ドラピオン,どく,あく,,,カブトアーマー,スナイパー,*するどいめ,70,90,110,60,75,95,虫,水中3
486,453,グレッグル,どく,かくとう,,,きけんよち,かんそうはだ,*どくしゅ,48,61,40,61,40,50,人型,
487,454,ドクロッグ,どく,かくとう,,,きけんよち,かんそうはだ,*どくしゅ,83,106,65,86,65,85,人型,
488,455,マスキッパ,くさ,,,,ふゆう,,,74,100,72,90,72,46,植物,
489,456,ケイコウオ,みず,,,,すいすい,よびみず,*みずのベール,49,49,56,49,61,66,水中2,
490,457,ネオラント,みず,,,,すいすい,よびみず,*みずのベール,69,69,76,69,86,91,水中2,
491,458,タマンタ,みず,ひこう,,,すいすい,ちょすい,*みずのベール,45,20,50,60,120,50,タマゴ未発見,
492,459,ユキカブリ,くさ,こおり,,,ゆきふらし,*ぼうおん,,60,62,50,62,60,40,怪獣,植物
493,460,ユキノオー,くさ,こおり,,,ゆきふらし,*ぼうおん,,90,92,75,92,85,60,怪獣,植物
494,461,マニューラ,あく,こおり,,,プレッシャー,*わるいてぐせ,,70,120,65,45,85,125,陸上,
495,462,ジバコイル,でんき,はがね,,,じりょく,がんじょう,*アナライズ,70,70,115,130,90,60,鉱物,
496,463,ベロベルト,ノーマル,,,,マイペース,どんかん,*ノーてんき,110,85,95,80,95,50,怪獣,
497,464,ドサイドン,じめん,いわ,,,ひらいしん,ハードロック,*すてみ,115,140,130,55,55,40,怪獣,陸上
498,465,モジャンボ,くさ,,,,ようりょくそ,リーフガード,*さいせいりょく,100,100,125,110,50,50,植物,
499,466,エレキブル,でんき,,,,でんきエンジン,*やるき,,75,123,67,95,85,95,人型,
500,467,ブーバーン,ほのお,,,,ほのおのからだ,*やるき,,75,95,67,125,95,83,人型,
501,468,トゲキッス,フェアリー,ひこう,,,はりきり,てんのめぐみ,*きょううん,85,50,95,120,115,80,飛行,妖精
502,469,メガヤンマ,むし,ひこう,,,かそく,いろめがね,*おみとおし,86,76,86,116,56,95,虫,
503,470,リーフィア,くさ,,,,リーフガード,*ようりょくそ,,65,110,130,60,65,95,陸上,
504,471,グレイシア,こおり,,,,ゆきがくれ,*アイスボディ,,65,60,110,130,95,65,陸上,
505,472,グライオン,じめん,ひこう,,,かいりきバサミ,すながくれ,*ポイズンヒール,75,95,125,45,75,95,虫,
506,473,マンムー,こおり,じめん,,,どんかん,ゆきがくれ,*あついしぼう,110,130,80,70,60,80,陸上,
507,474,ポリゴンZ,ノーマル,,,,てきおうりょく,ダウンロード,*アナライズ,85,80,70,135,75,90,鉱物,
508,475,エルレイド,エスパー,かくとう,,,ふくつのこころ,*せいぎのこころ,,68,125,65,65,115,80,不定形,
509,476,ダイノーズ,いわ,はがね,,,がんじょう,じりょく,*すなのちから,60,55,145,75,150,40,鉱物,
510,477,ヨノワール,ゴースト,,,,プレッシャー,*おみとおし,,45,100,135,65,135,45,不定形,
511,478,ユキメノコ,こおり,ゴースト,,,ゆきがくれ,*のろわれボディ,,70,80,70,80,70,110,妖精,鉱物
512,479,ロトム,でんき,ゴースト,n,ノーマル,ふゆう,,,50,50,77,95,77,91,不定形,
513,479,ロトム,でんき,ほのお,h,ヒート,ふゆう,,,50,65,107,105,107,86,不定形,
514,479,ロトム,でんき,みず,w,ウォッシュ,ふゆう,,,50,65,107,105,107,86,不定形,
515,479,ロトム,でんき,こおり,f,フロスト,ふゆう,,,50,65,107,105,107,86,不定形,
516,479,ロトム,でんき,ひこう,s,スピン,ふゆう,,,50,65,107,105,107,86,不定形,
517,479,ロトム,でんき,くさ,c,カット,ふゆう,,,50,65,107,105,107,86,不定形,
518,480,ユクシー,エスパー,,,,ふゆう,,,75,75,130,75,130,95,タマゴ未発見,
519,481,エムリット,エスパー,,,,ふゆう,,,80,105,105,105,105,80,タマゴ未発見,
520,482,アグノム,エスパー,,,,ふゆう,,,75,125,70,125,70,115,タマゴ未発見,
521,483,ディアルガ,はがね,ドラゴン,,,プレッシャー,*テレパシー,,100,120,120,150,100,90,タマゴ未発見,
522,484,パルキア,みず,ドラゴン,,,プレッシャー,*テレパシー,,90,120,100,150,120,100,タマゴ未発見,
523,485,ヒードラン,ほのお,はがね,,,もらいび,*ほのおのからだ,,91,90,106,130,106,77,タマゴ未発見,
524,486,レジギガス,ノーマル,,,,スロースタート,,,110,160,110,80,110,100,タマゴ未発見,
525,487,ギラティナ,ゴースト,ドラゴン,a,アナザー,プレッシャー,*テレパシー,,150,100,120,100,120,90,タマゴ未発見,
526,487,ギラティナ,ゴースト,ドラゴン,o,オリジン,ふゆう,,,150,120,100,120,100,90,タマゴ未発見,
527,488,クレセリア,エスパー,,,,ふゆう,,,120,70,120,75,130,85,タマゴ未発見,
528,489,フィオネ,みず,,,,うるおいボディ,,,80,80,80,80,80,80,水中1,妖精
529,490,マナフィ,みず,,,,うるおいボディ,,,100,100,100,100,100,100,水中1,妖精
530,491,ダークライ,あく,,,,ナイトメア,,,70,90,90,135,90,125,タマゴ未発見,
531,492,シェイミ,くさ,,l,ランド,しぜんかいふく,,,100,100,100,100,100,100,タマゴ未発見,
532,492,シェイミ,くさ,ひこう,s,スカイ,てんのめぐみ,,,100,103,75,120,75,127,タマゴ未発見,
533,493,アルセウス,ノーマル,,,,マルチタイプ,,,120,120,120,120,120,120,タマゴ未発見,
534,494,ビクティニ,エスパー,ほのお,,,しょうりのほし,,,100,100,100,100,100,100,タマゴ未発見,
535,495,ツタージャ,くさ,,,,しんりょく,*あまのじゃく,,45,45,55,45,55,63,陸上,植物
536,496,ジャノビー,くさ,,,,しんりょく,*あまのじゃく,,60,60,75,60,75,83,陸上,植物
537,497,ジャローダ,くさ,,,,しんりょく,*あまのじゃく,,75,75,95,75,95,113,陸上,植物
538,498,ポカブ,ほのお,,,,もうか,*あついしぼう,,65,63,45,45,45,45,陸上,
539,499,チャオブー,ほのお,かくとう,,,もうか,*あついしぼう,,90,93,55,70,55,55,陸上,
540,500,エンブオー,ほのお,かくとう,,,もうか,*すてみ,,110,123,65,100,65,65,陸上,
541,501,ミジュマル,みず,,,,げきりゅう,*シェルアーマー,,55,55,45,63,45,45,陸上,
542,502,フタチマル,みず,,,,げきりゅう,*シェルアーマー,,75,75,60,83,60,60,陸上,
543,503,ダイケンキ,みず,,,,げきりゅう,*シェルアーマー,,95,100,85,108,70,70,陸上,
544,504,ミネズミ,ノーマル,,,,にげあし,するどいめ,*アナライズ,45,55,39,35,39,42,陸上,
545,505,ミルホッグ,ノーマル,,,,はっこう,するどいめ,*アナライズ,60,85,69,60,69,77,陸上,
546,506,ヨーテリー,ノーマル,,,,やるき,ものひろい,*にげあし,45,60,45,25,45,55,陸上,
547,507,ハーデリア,ノーマル,,,,いかく,すなかき,*きもったま,65,80,65,35,65,60,陸上,
548,508,ムーランド,ノーマル,,,,いかく,すなかき,*きもったま,85,110,90,45,90,80,陸上,
549,509,チョロネコ,あく,,,,じゅうなん,かるわざ,*いたずらごころ,41,50,37,50,37,66,陸上,
550,510,レパルダス,あく,,,,じゅうなん,かるわざ,*いたずらごころ,64,88,50,88,50,106,陸上,
551,511,ヤナップ,くさ,,,,くいしんぼう,*しんりょく,,50,53,48,53,48,64,陸上,
552,512,ヤナッキー,くさ,,,,くいしんぼう,*しんりょく,,75,98,63,98,63,101,陸上,
553,513,バオップ,ほのお,,,,くいしんぼう,*もうか,,50,53,48,53,48,64,陸上,
554,514,バオッキー,ほのお,,,,くいしんぼう,*もうか,,75,98,63,98,63,101,陸上,
555,515,ヒヤップ,みず,,,,くいしんぼう,*げきりゅう,,50,53,48,53,48,64,陸上,
556,516,ヒヤッキー,みず,,,,くいしんぼう,*げきりゅう,,75,98,63,98,63,101,陸上,
557,517,ムンナ,エスパー,,,,よちむ,シンクロ,*テレパシー,76,25,45,67,55,24,陸上,
558,518,ムシャーナ,エスパー,,,,よちむ,シンクロ,*テレパシー,116,55,85,107,95,29,陸上,
559,519,マメパト,ノーマル,ひこう,,,はとむね,きょううん,*とうそうしん,50,55,50,36,30,43,飛行,
560,520,ハトーボー,ノーマル,ひこう,,,はとむね,きょううん,*とうそうしん,62,77,62,50,42,65,飛行,
561,521,ケンホロウ,ノーマル,ひこう,,,はとむね,きょううん,*とうそうしん,80,115,80,65,55,93,飛行,
562,522,シママ,でんき,,,,ひらいしん,でんきエンジン,*そうしょく,45,60,32,50,32,76,陸上,
563,523,ゼブライカ,でんき,,,,ひらいしん,でんきエンジン,*そうしょく,75,100,63,80,63,116,陸上,
564,524,ダンゴロ,いわ,,,,がんじょう,くだけるよろい,*すなのちから,55,75,85,25,25,15,鉱物,
565,525,ガントル,いわ,,,,がんじょう,くだけるよろい,*すなのちから,70,105,105,50,40,20,鉱物,
566,526,ギガイアス,いわ,,,,がんじょう,すなおこし,*すなのちから,85,135,130,60,80,25,鉱物,
567,527,コロモリ,エスパー,ひこう,,,てんねん,ぶきよう,*たんじゅん,65,45,43,55,43,72,陸上,飛行
568,528,ココロモリ,エスパー,ひこう,,,てんねん,ぶきよう,*たんじゅん,67,57,55,77,55,114,陸上,飛行
569,529,モグリュー,じめん,,,,すなかき,すなのちから,*かたやぶり,60,85,40,30,45,68,陸上,
570,530,ドリュウズ,じめん,はがね,,,すなかき,すなのちから,*かたやぶり,110,135,60,50,65,88,陸上,
571,531,タブンネ,ノーマル,,,,いやしのこころ,さいせいりょく,*ぶきよう,103,60,86,60,86,50,妖精,
572,532,ドッコラー,かくとう,,,,こんじょう,ちからずく,*てつのこぶし,75,80,55,25,35,35,人型,
573,533,ドテッコツ,かくとう,,,,こんじょう,ちからずく,*てつのこぶし,85,105,85,40,50,40,人型,
574,534,ローブシン,かくとう,,,,こんじょう,ちからずく,*てつのこぶし,105,140,95,55,65,45,人型,
575,535,オタマロ,みず,,,,すいすい,うるおいボディ,*ちょすい,50,50,40,50,40,64,水中1,
576,536,ガマガル,みず,じめん,,,すいすい,うるおいボディ,*ちょすい,75,65,55,65,55,69,水中1,
577,537,ガマゲロゲ,みず,じめん,,,すいすい,どくしゅ,*ちょすい,105,95,75,85,75,74,水中1,
578,538,ナゲキ,かくとう,,,,こんじょう,せいしんりょく,*かたやぶり,120,100,85,30,85,45,人型,
579,539,ダゲキ,かくとう,,,,がんじょう,せいしんりょく,*かたやぶり,75,125,75,30,75,85,人型,
580,540,クルミル,むし,くさ,,,むしのしらせ,ようりょくそ,*ぼうじん,45,53,70,40,60,42,虫,
581,541,クルマユ,むし,くさ,,,リーフガード,ようりょくそ,*ぼうじん,55,63,90,50,80,42,虫,
582,542,ハハコモリ,むし,くさ,,,むしのしらせ,ようりょくそ,*ぼうじん,75,103,80,70,80,92,虫,
583,543,フシデ,むし,どく,,,どくのトゲ,むしのしらせ,*かそく,30,45,59,30,39,57,虫,
584,544,ホイーガ,むし,どく,,,どくのトゲ,むしのしらせ,*かそく,40,55,99,40,79,47,虫,
585,545,ペンドラー,むし,どく,,,どくのトゲ,むしのしらせ,*かそく,60,100,89,55,69,112,虫,
586,546,モンメン,くさ,フェアリー,,,いたずらごころ,すりぬけ,*ようりょくそ,40,27,60,37,50,66,植物,妖精
587,547,エルフーン,くさ,フェアリー,,,いたずらごころ,すりぬけ,*ようりょくそ,60,67,85,77,75,116,植物,妖精
588,548,チュリネ,くさ,,,,ようりょくそ,マイペース,*リーフガード,45,35,50,70,50,30,植物,
589,549,ドレディア,くさ,,,,ようりょくそ,マイペース,*リーフガード,70,60,75,110,75,90,植物,
590,550,バスラオ,みず,,r,赤,すてみ,てきおうりょく,*かたやぶり,70,92,65,80,55,98,水中2,
591,550,バスラオ,みず,,b,青,いしあたま,てきおうりょく,*かたやぶり,70,92,65,80,55,98,水中2,
592,551,メグロコ,じめん,あく,,,いかく,じしんかじょう,*いかりのつぼ,50,72,35,35,35,65,陸上,
593,552,ワルビル,じめん,あく,,,いかく,じしんかじょう,*いかりのつぼ,60,82,45,45,45,74,陸上,
594,553,ワルビアル,じめん,あく,,,いかく,じしんかじょう,*いかりのつぼ,95,117,80,65,70,92,陸上,
595,554,ダルマッカ,ほのお,,,,はりきり,*せいしんりょく,,70,90,45,15,45,50,陸上,
596,554,ダルマッカ,こおり,,g,ガラル,はりきり,*せいしんりょく,,70,90,45,15,45,50,陸上,
597,555,ヒヒダルマ,ほのお,,,,ちからずく,*ダルマモード,,105,140,55,30,55,95,陸上,
598,555,ヒヒダルマ,ほのお,エスパー,f,ダルマ,ちからずく,*ダルマモード,,105,30,105,140,105,55,陸上,
599,555,ヒヒダルマ,こおり,,g,ガラル,ごりむちゅう,*ダルマモード,,105,140,55,30,55,95,陸上,
600,555,ヒヒダルマ,こおり,ほのお,h,ガラルダルマ,ごりむちゅう,*ダルマモード,,105,160,55,30,55,135,陸上,
601,556,マラカッチ,くさ,,,,ちょすい,ようりょくそ,*よびみず,75,86,67,106,67,60,植物,
602,557,イシズマイ,むし,いわ,,,がんじょう,シェルアーマー,*くだけるよろい,50,65,85,35,35,55,虫,鉱物
603,558,イワパレス,むし,いわ,,,がんじょう,シェルアーマー,*くだけるよろい,70,105,125,65,75,45,虫,鉱物
604,559,ズルッグ,あく,かくとう,,,だっぴ,じしんかじょう,*いかく,50,75,70,35,70,48,陸上,ドラゴン
605,560,ズルズキン,あく,かくとう,,,だっぴ,じしんかじょう,*いかく,65,90,115,45,115,58,陸上,ドラゴン
606,561,シンボラー,エスパー,ひこう,,,ミラクルスキン,マジックガード,*いろめがね,72,58,80,103,80,97,飛行,
607,562,デスマス,ゴースト,,,,ミイラ,,,38,30,85,55,65,30,鉱物,不定形
608,562,デスマス,じめん,ゴースト,g,ガラル,さまようたましい,,,38,55,85,30,65,30,鉱物,不定形
609,563,デスカーン,ゴースト,,,,ミイラ,,,58,50,145,95,105,30,鉱物,不定形
610,564,プロトーガ,みず,いわ,,,ハードロック,がんじょう,*すいすい,54,78,103,53,45,22,水中1,水中3
611,565,アバゴーラ,みず,いわ,,,ハードロック,がんじょう,*すいすい,74,108,133,83,65,32,水中1,水中3
612,566,アーケン,いわ,ひこう,,,よわき,,,55,112,45,74,45,70,飛行,水中3
613,567,アーケオス,いわ,ひこう,,,よわき,,,75,140,65,112,65,110,飛行,水中3
614,568,ヤブクロン,どく,,,,あくしゅう,ねんちゃく,*ゆうばく,50,50,62,40,62,65,鉱物,
615,569,ダストダス,どく,,,,あくしゅう,くだけるよろい,*ゆうばく,80,95,82,60,82,75,鉱物,
616,570,ゾロア,あく,,,,イリュージョン,,,40,65,40,80,40,65,陸上,
617,571,ゾロアーク,あく,,,,イリュージョン,,,60,105,60,120,60,105,陸上,
618,572,チラーミィ,ノーマル,,,,メロメロボディ,テクニシャン,*スキルリンク,55,50,40,40,40,75,陸上,
619,573,チラチーノ,ノーマル,,,,メロメロボディ,テクニシャン,*スキルリンク,75,95,60,65,60,115,陸上,
620,574,ゴチム,エスパー,,,,おみとおし,かちき,*かげふみ,45,30,50,55,65,45,人型,
621,575,ゴチミル,エスパー,,,,おみとおし,かちき,*かげふみ,60,45,70,75,85,55,人型,
622,576,ゴチルゼル,エスパー,,,,おみとおし,かちき,*かげふみ,70,55,95,95,110,65,人型,
623,577,ユニラン,エスパー,,,,ぼうじん,マジックガード,*さいせいりょく,45,30,40,105,50,20,不定形,
624,578,ダブラン,エスパー,,,,ぼうじん,マジックガード,*さいせいりょく,65,40,50,125,60,30,不定形,
625,579,ランクルス,エスパー,,,,ぼうじん,マジックガード,*さいせいりょく,110,65,75,125,85,30,不定形,
626,580,コアルヒー,みず,ひこう,,,するどいめ,はとむね,*うるおいボディ,62,44,50,44,50,55,水中1,飛行
627,581,スワンナ,みず,ひこう,,,するどいめ,はとむね,*うるおいボディ,75,87,63,87,63,98,水中1,飛行
628,582,バニプッチ,こおり,,,,アイスボディ,ゆきがくれ,*くだけるよろい,36,50,50,65,60,44,鉱物,
629,583,バニリッチ,こおり,,,,アイスボディ,ゆきがくれ,*くだけるよろい,51,65,65,80,75,59,鉱物,
630,584,バイバニラ,こおり,,,,アイスボディ,ゆきふらし,*くだけるよろい,71,95,85,110,95,79,鉱物,
631,585,シキジカ,ノーマル,くさ,,,ようりょくそ,そうしょく,*てんのめぐみ,60,60,50,40,50,75,陸上,
632,586,メブキジカ,ノーマル,くさ,,,ようりょくそ,そうしょく,*てんのめぐみ,80,100,70,60,70,95,陸上,
633,587,エモンガ,でんき,ひこう,,,せいでんき,*でんきエンジン,,55,75,60,75,60,103,陸上,
634,588,カブルモ,むし,,,,むしのしらせ,だっぴ,*ノーガード,50,75,45,40,45,60,虫,
635,589,シュバルゴ,むし,はがね,,,むしのしらせ,シェルアーマー,*ぼうじん,70,135,105,60,105,20,虫,
636,590,タマゲタケ,くさ,どく,,,ほうし,*さいせいりょく,,69,55,45,55,55,15,植物,
637,591,モロバレル,くさ,どく,,,ほうし,*さいせいりょく,,114,85,70,85,80,30,植物,
638,592,プルリル,みず,ゴースト,,,ちょすい,のろわれボディ,*しめりけ,55,40,50,65,85,40,不定形,
639,593,ブルンゲル,みず,ゴースト,,,ちょすい,のろわれボディ,*しめりけ,100,60,70,85,105,60,不定形,
640,594,ママンボウ,みず,,,,いやしのこころ,うるおいボディ,*さいせいりょく,165,75,80,40,45,65,水中1,水中2
641,595,バチュル,むし,でんき,,,ふくがん,きんちょうかん,*むしのしらせ,50,47,50,57,50,65,虫,
642,596,デンチュラ,むし,でんき,,,ふくがん,きんちょうかん,*むしのしらせ,70,77,60,97,60,108,虫,
643,597,テッシード,くさ,はがね,,,てつのトゲ,,,44,50,91,24,86,10,植物,鉱物
644,598,ナットレイ,くさ,はがね,,,てつのトゲ,*きけんよち,,74,94,131,54,116,20,植物,鉱物
645,599,ギアル,はがね,,,,プラス,マイナス,*クリアボディ,40,55,70,45,60,30,鉱物,
646,600,ギギアル,はがね,,,,プラス,マイナス,*クリアボディ,60,80,95,70,85,50,鉱物,
647,601,ギギギアル,はがね,,,,プラス,マイナス,*クリアボディ,60,100,115,70,85,90,鉱物,
648,602,シビシラス,でんき,,,,ふゆう,,,35,55,40,45,40,60,不定形,
649,603,シビビール,でんき,,,,ふゆう,,,65,85,70,75,70,40,不定形,
650,604,シビルドン,でんき,,,,ふゆう,,,85,115,80,105,80,50,不定形,
651,605,リグレー,エスパー,,,,テレパシー,シンクロ,*アナライズ,55,55,55,85,55,30,人型,
652,606,オーベム,エスパー,,,,テレパシー,シンクロ,*アナライズ,75,75,75,125,95,40,人型,
653,607,ヒトモシ,ゴースト,ほのお,,,もらいび,ほのおのからだ,*すりぬけ,50,30,55,65,55,20,不定形,
654,608,ランプラー,ゴースト,ほのお,,,もらいび,ほのおのからだ,*すりぬけ,60,40,60,95,60,55,不定形,
655,609,シャンデラ,ゴースト,ほのお,,,もらいび,ほのおのからだ,*すりぬけ,60,55,90,145,90,80,不定形,
656,610,キバゴ,ドラゴン,,,,とうそうしん,かたやぶり,*きんちょうかん,46,87,60,30,40,57,怪獣,ドラゴン
657,611,オノンド,ドラゴン,,,,とうそうしん,かたやぶり,*きんちょうかん,66,117,70,40,50,67,怪獣,ドラゴン
658,612,オノノクス,ドラゴン,,,,とうそうしん,かたやぶり,*きんちょうかん,76,147,90,60,70,97,怪獣,ドラゴン
659,613,クマシュン,こおり,,,,ゆきがくれ,ゆきかき,*びびり,55,70,40,60,40,40,陸上,
660,614,ツンベアー,こおり,,,,ゆきがくれ,ゆきかき,*すいすい,95,130,80,70,80,50,陸上,
661,615,フリージオ,こおり,,,,ふゆう,,,80,50,50,95,135,105,鉱物,
662,616,チョボマキ,むし,,,,うるおいボディ,シェルアーマー,*ぼうじん,50,40,85,40,65,25,虫,
663,617,アギルダー,むし,,,,うるおいボディ,ねんちゃく,*かるわざ,80,70,40,100,60,145,虫,
664,618,マッギョ,じめん,でんき,,,せいでんき,じゅうなん,*すながくれ,109,66,84,81,99,32,水中1,不定形
665,618,マッギョ,じめん,はがね,g,ガラル,ぎたい,,,109,81,99,66,84,32,水中1,不定形
666,619,コジョフー,かくとう,,,,せいしんりょく,さいせいりょく,*すてみ,45,85,50,55,50,65,陸上,人型
667,620,コジョンド,かくとう,,,,せいしんりょく,さいせいりょく,*すてみ,65,125,60,95,60,105,陸上,人型
668,621,クリムガン,ドラゴン,,,,さめはだ,ちからずく,*かたやぶり,77,120,90,60,90,48,ドラゴン,怪獣
669,622,ゴビット,じめん,ゴースト,,,てつのこぶし,ぶきよう,*ノーガード,59,74,50,35,50,35,鉱物,
670,623,ゴルーグ,じめん,ゴースト,,,てつのこぶし,ぶきよう,*ノーガード,89,124,80,55,80,55,鉱物,
671,624,コマタナ,あく,はがね,,,まけんき,せいしんりょく,*プレッシャー,45,85,70,40,40,60,人型,
672,625,キリキザン,あく,はがね,,,まけんき,せいしんりょく,*プレッシャー,65,125,100,60,70,70,人型,
673,626,バッフロン,ノーマル,,,,すてみ,そうしょく,*ぼうおん,95,110,95,40,95,55,陸上,
674,627,ワシボン,ノーマル,ひこう,,,するどいめ,ちからずく,*はりきり,70,83,50,37,50,60,飛行,
675,628,ウォーグル,ノーマル,ひこう,,,するどいめ,ちからずく,*まけんき,100,123,75,57,75,80,飛行,
676,629,バルチャイ,あく,ひこう,,,はとむね,ぼうじん,*くだけるよろい,70,55,75,45,65,60,飛行,
677,630,バルジーナ,あく,ひこう,,,はとむね,ぼうじん,*くだけるよろい,110,65,105,55,95,80,飛行,
678,631,クイタラン,ほのお,,,,くいしんぼう,もらいび,*しろいけむり,85,97,66,105,66,65,陸上,
679,632,アイアント,むし,はがね,,,むしのしらせ,はりきり,*なまけ,58,109,112,48,48,109,虫,
680,633,モノズ,あく,ドラゴン,,,はりきり,,,52,65,50,45,50,38,ドラゴン,
681,634,ジヘッド,あく,ドラゴン,,,はりきり,,,72,85,70,65,70,58,ドラゴン,
682,635,サザンドラ,あく,ドラゴン,,,ふゆう,,,92,105,90,125,90,98,ドラゴン,
683,636,メラルバ,むし,ほのお,,,ほのおのからだ,*むしのしらせ,,55,85,55,50,55,60,虫,
684,637,ウルガモス,むし,ほのお,,,ほのおのからだ,*むしのしらせ,,85,60,65,135,105,100,虫,
685,638,コバルオン,はがね,かくとう,,,せいぎのこころ,,,91,90,129,90,72,108,タマゴ未発見,
686,639,テラキオン,いわ,かくとう,,,せいぎのこころ,,,91,129,90,72,90,108,タマゴ未発見,
687,640,ビリジオン,くさ,かくとう,,,せいぎのこころ,,,91,90,72,90,129,108,タマゴ未発見,
688,641,トルネロス,ひこう,,i,化身,いたずらごころ,*まけんき,,79,115,70,125,80,111,タマゴ未発見,
689,641,トルネロス,ひこう,,t,霊獣,さいせいりょく,,,79,100,80,110,90,121,タマゴ未発見,
690,642,ボルトロス,でんき,ひこう,i,化身,いたずらごころ,*まけんき,,79,115,70,125,80,111,タマゴ未発見,
691,642,ボルトロス,でんき,ひこう,t,霊獣,ちくでん,,,79,105,70,145,80,101,タマゴ未発見,
692,643,レシラム,ドラゴン,ほのお,,,ターボブレイズ,,,100,120,100,150,120,90,タマゴ未発見,
693,644,ゼクロム,ドラゴン,でんき,,,テラボルテージ,,,100,150,120,120,100,90,タマゴ未発見,
694,645,ランドロス,じめん,ひこう,i,化身,すなのちから,*ちからずく,,89,125,90,115,80,101,タマゴ未発見,
695,645,ランドロス,じめん,ひこう,t,霊獣,いかく,,,89,145,90,105,80,91,タマゴ未発見,
696,646,キュレム,ドラゴン,こおり,,,プレッシャー,,,125,130,90,130,90,95,タマゴ未発見,
697,646,キュレム,ドラゴン,こおり,w,ホワイト,ターボブレイズ,,,125,120,90,170,100,95,タマゴ未発見,
698,646,キュレム,ドラゴン,こおり,b,ブラック,テラボルテージ,,,125,170,100,120,90,95,タマゴ未発見,
699,647,ケルディオ,みず,かくとう,,,せいぎのこころ,,,91,72,90,129,90,108,タマゴ未発見,
700,647,ケルディオ,みず,かくとう,k,覚悟,せいぎのこころ,,,91,72,90,129,90,108,タマゴ未発見,
701,648,メロエッタ,ノーマル,エスパー,v,ボイス,てんのめぐみ,,,100,77,77,128,128,90,タマゴ未発見,
702,648,メロエッタ,ノーマル,かくとう,f,ステップ,てんのめぐみ,,,100,128,90,77,77,128,タマゴ未発見,
703,649,ゲノセクト,むし,はがね,,,ダウンロード,,,71,120,95,120,95,99,タマゴ未発見,
704,650,ハリマロン,くさ,,,,しんりょく,*ぼうだん,,56,61,65,48,45,38,陸上,
705,651,ハリボーグ,くさ,,,,しんりょく,*ぼうだん,,61,78,95,56,58,57,陸上,
706,652,ブリガロン,くさ,かくとう,,,しんりょく,*ぼうだん,,88,107,122,74,75,64,陸上,
707,653,フォッコ,ほのお,,,,もうか,*マジシャン,,40,45,40,62,60,60,陸上,
708,654,テールナー,ほのお,,,,もうか,*マジシャン,,59,59,58,90,70,73,陸上,
709,655,マフォクシー,ほのお,エスパー,,,もうか,*マジシャン,,75,69,72,114,100,104,陸上,
710,656,ケロマツ,みず,,,,げきりゅう,*へんげんじざい,,41,56,40,62,44,71,水中1,
711,657,ゲコガシラ,みず,,,,げきりゅう,*へんげんじざい,,54,63,52,83,56,97,水中1,
712,658,ゲッコウガ,みず,あく,,,げきりゅう,*へんげんじざい,,72,95,67,103,71,122,水中1,
713,659,ホルビー,ノーマル,,,,ものひろい,ほおぶくろ,*ちからもち,38,36,38,32,36,57,陸上,
714,660,ホルード,ノーマル,じめん,,,ものひろい,ほおぶくろ,*ちからもち,85,56,77,50,77,78,陸上,
715,661,ヤヤコマ,ノーマル,ひこう,,,はとむね,*はやてのつばさ,,45,50,43,40,38,62,飛行,
716,662,ヒノヤコマ,ほのお,ひこう,,,ほのおのからだ,*はやてのつばさ,,62,73,55,56,52,84,飛行,
717,663,ファイアロー,ほのお,ひこう,,,ほのおのからだ,*はやてのつばさ,,78,81,71,74,69,126,飛行,
718,664,コフキムシ,むし,,,,りんぷん,ふくがん,*フレンドガード,38,35,40,27,25,35,虫,
719,665,コフーライ,むし,,,,だっぴ,*フレンドガード,,45,22,60,27,30,29,虫,
720,666,ビビヨン,むし,ひこう,,,りんぷん,ふくがん,*フレンドガード,80,52,50,90,50,89,虫,
721,667,シシコ,ほのお,ノーマル,,,とうそうしん,きんちょうかん,*じしんかじょう,62,50,58,73,54,72,陸上,
722,668,カエンジシ,ほのお,ノーマル,,,とうそうしん,きんちょうかん,*じしんかじょう,86,68,72,109,66,106,陸上,
723,669,フラベベ,フェアリー,,,,フラワーベール,*きょうせい,,44,38,39,61,79,42,妖精,
724,670,フラエッテ,フェアリー,,,,フラワーベール,*きょうせい,,54,45,47,75,98,52,妖精,
725,671,フラージェス,フェアリー,,,,フラワーベール,*きょうせい,,78,65,68,112,154,75,妖精,
726,672,メェークル,くさ,,,,そうしょく,*くさのけがわ,,66,65,48,62,57,52,陸上,
727,673,ゴーゴート,くさ,,,,そうしょく,*くさのけがわ,,123,100,62,97,81,68,陸上,
728,674,ヤンチャム,かくとう,,,,てつのこぶし,かたやぶり,*きもったま,67,82,62,46,48,43,陸上,人型
729,675,ゴロンダ,かくとう,あく,,,てつのこぶし,かたやぶり,*きもったま,95,124,78,69,71,58,陸上,人型
730,676,トリミアン,ノーマル,,,,ファーコート,,,75,80,60,65,90,102,陸上,
731,677,ニャスパー,エスパー,,,,するどいめ,すりぬけ,*マイペース,62,48,54,63,60,68,陸上,
732,678,ニャオニクス,エスパー,,m,♂,するどいめ,すりぬけ,*いたずらごころ,74,48,76,83,81,104,陸上,
733,678,ニャオニクス,エスパー,,f,♀,するどいめ,すりぬけ,*かちき,74,48,76,83,81,104,陸上,
734,679,ヒトツキ,はがね,ゴースト,,,ノーガード,,,45,80,100,35,37,28,鉱物,
735,680,ニダンギル,はがね,ゴースト,,,ノーガード,,,59,110,150,45,49,35,鉱物,
736,681,ギルガルド,はがね,ゴースト,s,シールド,バトルスイッチ,,,60,50,140,50,140,60,鉱物,
737,681,ギルガルド,はがね,ゴースト,b,ブレード,バトルスイッチ,,,60,140,50,140,50,60,鉱物,
738,682,シュシュプ,フェアリー,,,,いやしのこころ,*アロマベール,,78,52,60,63,65,23,妖精,
739,683,フレフワン,フェアリー,,,,いやしのこころ,*アロマベール,,101,72,72,99,89,29,妖精,
740,684,ペロッパフ,フェアリー,,,,スイートベール,*かるわざ,,62,48,66,59,57,49,妖精,
741,685,ペロリーム,フェアリー,,,,スイートベール,*かるわざ,,82,80,86,85,75,72,妖精,
742,686,マーイーカ,あく,エスパー,,,あまのじゃく,きゅうばん,*すりぬけ,53,54,53,37,46,45,水中1,水中2
743,687,カラマネロ,あく,エスパー,,,あまのじゃく,きゅうばん,*すりぬけ,86,92,88,68,75,73,水中1,水中2
744,688,カメテテ,いわ,みず,,,かたいツメ,スナイパー,*わるいてぐせ,42,52,67,39,56,50,水中3,
745,689,ガメノデス,いわ,みず,,,かたいツメ,スナイパー,*わるいてぐせ,72,105,115,54,86,68,水中3,
746,690,クズモー,どく,みず,,,どくのトゲ,どくしゅ,*てきおうりょく,50,60,60,60,60,30,水中1,ドラゴン
747,691,ドラミドロ,どく,ドラゴン,,,どくのトゲ,どくしゅ,*てきおうりょく,65,75,90,97,123,44,水中1,ドラゴン
748,692,ウデッポウ,みず,,,,メガランチャー,,,50,53,62,58,63,44,水中1,水中3
749,693,ブロスター,みず,,,,メガランチャー,,,71,73,88,120,89,59,水中1,水中3
750,694,エリキテル,でんき,ノーマル,,,かんそうはだ,すながくれ,*サンパワー,44,38,33,61,43,70,怪獣,ドラゴン
751,695,エレザード,でんき,ノーマル,,,かんそうはだ,すながくれ,*サンパワー,62,55,52,109,94,109,怪獣,ドラゴン
752,696,チゴラス,いわ,ドラゴン,,,がんじょうあご,*がんじょう,,58,89,77,45,45,48,怪獣,ドラゴン
753,697,ガチゴラス,いわ,ドラゴン,,,がんじょうあご,*いしあたま,,82,121,119,69,59,71,怪獣,ドラゴン
754,698,アマルス,いわ,こおり,,,フリーズスキン,*ゆきふらし,,77,59,50,67,63,46,怪獣,
755,699,アマルルガ,いわ,こおり,,,フリーズスキン,*ゆきふらし,,123,77,72,99,92,58,怪獣,
756,700,ニンフィア,フェアリー,,,,メロメロボディ,*フェアリースキン,,95,65,65,110,130,60,陸上,
757,701,ルチャブル,かくとう,ひこう,,,じゅうなん,かるわざ,*かたやぶり,78,92,75,74,63,118,人型,
758,702,デデンネ,でんき,フェアリー,,,ほおぶくろ,ものひろい,*プラス,67,58,57,81,67,101,陸上,妖精
759,703,メレシー,いわ,フェアリー,,,クリアボディ,*がんじょう,,50,50,150,50,150,50,鉱物,
760,704,ヌメラ,ドラゴン,,,,そうしょく,うるおいボディ,*ぬめぬめ,45,50,35,55,75,40,ドラゴン,
761,705,ヌメイル,ドラゴン,,,,そうしょく,うるおいボディ,*ぬめぬめ,68,75,53,83,113,60,ドラゴン,
762,706,ヌメルゴン,ドラゴン,,,,そうしょく,うるおいボディ,*ぬめぬめ,90,100,70,110,150,80,ドラゴン,
763,707,クレッフィ,はがね,フェアリー,,,いたずらごころ,*マジシャン,,57,80,91,80,87,75,鉱物,
764,708,ボクレー,ゴースト,くさ,,,しぜんかいふく,おみとおし,*しゅうかく,43,70,48,50,60,38,植物,不定形
765,709,オーロット,ゴースト,くさ,,,しぜんかいふく,おみとおし,*しゅうかく,85,110,76,65,82,56,植物,不定形
766,710,バケッチャ,ゴースト,くさ,n,普,ものひろい,おみとおし,*ふみん,49,66,70,44,55,51,不定形,
767,710,バケッチャ,ゴースト,くさ,s,小,ものひろい,おみとおし,*ふみん,44,66,70,44,55,56,不定形,
768,710,バケッチャ,ゴースト,くさ,l,大,ものひろい,おみとおし,*ふみん,54,66,70,44,55,46,不定形,
769,710,バケッチャ,ゴースト,くさ,k,特大,ものひろい,おみとおし,*ふみん,59,66,70,44,55,41,不定形,
770,711,パンプジン,ゴースト,くさ,n,普,ものひろい,おみとおし,*ふみん,65,90,122,58,75,84,不定形,
771,711,パンプジン,ゴースト,くさ,s,小,ものひろい,おみとおし,*ふみん,55,85,122,58,75,99,不定形,
772,711,パンプジン,ゴースト,くさ,l,大,ものひろい,おみとおし,*ふみん,75,95,122,58,75,69,不定形,
773,711,パンプジン,ゴースト,くさ,k,特大,ものひろい,おみとおし,*ふみん,85,100,122,58,75,54,不定形,
774,712,カチコール,こおり,,,,マイペース,アイスボディ,*がんじょう,55,69,85,32,35,28,怪獣,
775,713,クレベース,こおり,,,,マイペース,アイスボディ,*がんじょう,95,117,184,44,46,28,怪獣,
776,714,オンバット,ひこう,ドラゴン,,,おみとおし,すりぬけ,*テレパシー,40,30,35,45,40,55,飛行,
777,715,オンバーン,ひこう,ドラゴン,,,おみとおし,すりぬけ,*テレパシー,85,70,80,97,80,123,飛行,
778,716,ゼルネアス,フェアリー,,,,フェアリーオーラ,,,126,131,95,131,98,99,タマゴ未発見,
779,717,イベルタル,あく,ひこう,,,ダークオーラ,,,126,131,95,131,98,99,タマゴ未発見,
780,718,ジガルデ,ドラゴン,じめん,n,10%,オーラブレイク,スワームチェンジ,,108,100,121,81,95,95,タマゴ未発見,
781,718,ジガルデ,ドラゴン,じめん,t,50%,オーラブレイク,スワームチェンジ,,54,100,71,61,85,115,タマゴ未発見,
782,718,ジガルデ,ドラゴン,じめん,c,パーフェクト,スワームチェンジ,,,216,100,121,91,95,85,タマゴ未発見,
783,719,ディアンシー,いわ,フェアリー,,,クリアボディ,,,50,100,150,100,150,50,タマゴ未発見,
784,720,フーパ,エスパー,ゴースト,n,いましめ,マジシャン,,,80,110,60,150,130,70,タマゴ未発見,
785,720,フーパ,エスパー,あく,u,ときなは,マジシャン,,,80,160,60,170,130,80,タマゴ未発見,
786,721,ボルケニオン,ほのお,みず,,,ちょすい,,,80,110,120,130,90,70,タマゴ未発見,
787,722,モクロー,くさ,ひこう,,,しんりょく,*えんかく,,68,55,55,50,50,42,飛行,
788,723,フクスロー,くさ,ひこう,,,しんりょく,*えんかく,,78,75,75,70,70,52,飛行,
789,724,ジュナイパー,くさ,ゴースト,,,しんりょく,*えんかく,,78,107,75,100,100,70,飛行,
790,725,ニャビー,ほのお,,,,もうか,*いかく,,45,65,40,60,40,70,陸上,
791,726,ニャヒート,ほのお,,,,もうか,*いかく,,65,85,50,80,50,90,陸上,
792,727,ガオガエン,ほのお,あく,,,もうか,*いかく,,95,115,90,80,90,60,陸上,
793,728,アシマリ,みず,,,,げきりゅう,*うるおいボイス,,50,54,54,66,56,40,水中1,陸上
794,729,オシャマリ,みず,,,,げきりゅう,*うるおいボイス,,60,69,69,91,81,50,水中1,陸上
795,730,アシレーヌ,みず,フェアリー,,,げきりゅう,*うるおいボイス,,80,74,74,126,116,60,水中1,陸上
796,731,ツツケラ,ノーマル,ひこう,,,するどいめ,スキルリンク,*ものひろい,35,75,30,30,30,65,飛行,
797,732,ケララッパ,ノーマル,ひこう,,,するどいめ,スキルリンク,*ものひろい,55,85,50,40,50,75,飛行,
798,733,ドデカバシ,ノーマル,ひこう,,,するどいめ,スキルリンク,*ちからずく,80,120,75,75,75,60,飛行,
799,734,ヤングース,ノーマル,,,,はりこみ,がんじょうあご,*てきおうりょく,48,70,30,30,30,45,陸上,
800,735,デカグース,ノーマル,,,,はりこみ,がんじょうあご,*てきおうりょく,88,110,60,55,60,45,陸上,
801,736,アゴジムシ,むし,,,,むしのしらせ,,,47,62,45,55,45,46,虫,
802,737,デンヂムシ,むし,でんき,,,バッテリー,,,57,82,95,55,75,36,虫,
803,738,クワガノン,むし,でんき,,,ふゆう,,,77,70,90,145,75,43,虫,
804,739,マケンカニ,かくとう,,,,かいりきバサミ,てつのこぶし,*いかりのつぼ,47,82,57,42,47,63,水中3,
805,740,ケケンカニ,かくとう,こおり,,,かいりきバサミ,てつのこぶし,*いかりのつぼ,97,132,77,62,67,43,水中3,
806,741,オドリドリ,ほのお,ひこう,e,めらめら,おどりこ,,,75,70,70,98,70,93,飛行,
807,741,オドリドリ,ゴースト,ひこう,m,まいまい,おどりこ,,,75,70,70,98,70,93,飛行,
808,741,オドリドリ,エスパー,ひこう,f,ふらふら,おどりこ,,,75,70,70,98,70,93,飛行,
809,741,オドリドリ,でんき,ひこう,p,ぱちぱち,おどりこ,,,75,70,70,98,70,93,飛行,
810,742,アブリー,むし,フェアリー,,,みつあつめ,りんぷん,*スイートベール,40,45,40,55,40,84,虫,妖精
811,743,アブリボン,むし,フェアリー,,,みつあつめ,りんぷん,*スイートベール,60,55,60,95,70,124,虫,妖精
812,744,イワンコ,いわ,,,,するどいめ,やるき,*ふくつのこころ,45,65,40,30,40,60,陸上,
813,745,ルガルガン,いわ,,n,まひる,するどいめ,すなかき,*ふくつのこころ,75,115,65,55,65,112,陸上,
814,745,ルガルガン,いわ,,m,まよなか,するどいめ,やるき,*ノーガード,85,115,75,55,75,82,陸上,
815,745,ルガルガン,いわ,,d,たそがれ,かたいツメ,,,75,117,65,55,65,110,陸上,
816,746,ヨワシ,みず,,a,単独,ぎょぐん,,,45,20,20,25,25,40,水中2,
817,746,ヨワシ,みず,,m,群れ,ぎょぐん,,,45,140,130,140,135,30,水中2,
818,747,ヒドイデ,どく,みず,,,ひとでなし,じゅうなん,*さいせいりょく,50,53,62,43,52,45,水中1,
819,748,ドヒドイデ,どく,みず,,,ひとでなし,じゅうなん,*さいせいりょく,50,63,152,53,142,35,水中1,
820,749,ドロバンコ,じめん,,,,マイペース,じきゅうりょく,*せいしんりょく,70,100,70,45,55,45,陸上,
821,750,バンバドロ,じめん,,,,マイペース,じきゅうりょく,*せいしんりょく,100,125,100,55,85,35,陸上,
822,751,シズクモ,みず,むし,,,すいほう,*ちょすい,,38,40,52,40,72,27,水中1,虫
823,752,オニシズクモ,みず,むし,,,すいほう,*ちょすい,,68,70,92,50,132,42,水中1,虫
824,753,カリキリ,くさ,,,,リーフガード,*あまのじゃく,,40,55,35,50,35,35,植物,
825,754,ラランテス,くさ,,,,リーフガード,*あまのじゃく,,70,105,90,80,90,45,植物,
826,755,ネマシュ,くさ,フェアリー,,,はっこう,ほうし,*あめうけざら,40,35,55,65,75,15,植物,
827,756,マシェード,くさ,フェアリー,,,はっこう,ほうし,*あめうけざら,60,45,80,90,100,30,植物,
828,757,ヤトウモリ,どく,ほのお,,,ふしょく,*どんかん,,48,44,40,71,40,77,怪獣,ドラゴン
829,758,エンニュート,どく,ほのお,,,ふしょく,*どんかん,,68,64,60,111,60,117,怪獣,ドラゴン
830,759,ヌイコグマ,ノーマル,かくとう,,,もふもふ,ぶきよう,*メロメロボディ,70,75,50,45,50,50,陸上,
831,760,キテルグマ,ノーマル,かくとう,,,もふもふ,ぶきよう,*きんちょうかん,120,125,80,55,60,60,陸上,
832,761,アマカジ,くさ,,,,リーフガード,どんかん,*スイートベール,42,30,38,30,38,32,植物,
833,762,アママイコ,くさ,,,,リーフガード,どんかん,*スイートベール,52,40,48,40,48,62,植物,
834,763,アマージョ,くさ,,,,リーフガード,じょおうのいげん,*スイートベール,72,120,98,50,98,72,植物,
835,764,キュワワー,フェアリー,,,,フラワーベール,ヒーリングシフト,*しぜんかいふく,51,52,90,82,110,100,植物,
836,765,ヤレユータン,ノーマル,エスパー,,,せいしんりょく,テレパシー,*きょうせい,90,60,80,90,110,60,陸上,
837,766,ナゲツケサル,かくとう,,,,レシーバー,*まけんき,,100,120,90,40,60,80,陸上,
838,767,コソクムシ,むし,みず,,,にげごし,,,25,35,40,20,30,80,虫,水中3
839,768,グソクムシャ,むし,みず,,,ききかいひ,,,75,125,140,60,90,40,虫,水中3
840,769,スナバァ,ゴースト,じめん,,,みずがため,*すながくれ,,55,55,80,70,45,15,不定形,
841,770,シロデスナ,ゴースト,じめん,,,みずがため,*すながくれ,,85,75,110,100,75,35,不定形,
842,771,ナマコブシ,みず,,,,とびだすなかみ,*てんねん,,55,60,130,30,130,5,水中1,
843,772,タイプ：ヌル,ノーマル,,,,カブトアーマー,,,95,95,95,95,95,59,タマゴ未発見,
844,773,シルヴァディ,ノーマル,,,,ARシステム,,,95,95,95,95,95,95,タマゴ未発見,
845,774,メテノ,いわ,ひこう,m,りゅうせい,リミットシールド,,,60,60,100,60,100,60,鉱物,
846,774,メテノ,いわ,ひこう,c,コア,リミットシールド,,,60,100,60,100,60,120,鉱物,
847,775,ネッコアラ,ノーマル,,,,ぜったいねむり,,,65,115,65,75,95,65,陸上,
848,776,バクガメス,ほのお,ドラゴン,,,シェルアーマー,,,60,78,135,91,85,36,怪獣,ドラゴン
849,777,トゲデマル,でんき,はがね,,,てつのトゲ,ひらいしん,*がんじょう,65,98,63,40,73,96,陸上,妖精
850,778,ミミッキュ,ゴースト,フェアリー,,,ばけのかわ,,,55,90,80,50,105,96,不定形,
851,779,ハギギシリ,みず,エスパー,,,ビビッドボディ,がんじょうあご,*ミラクルスキン,68,105,70,70,70,92,水中2,
852,780,ジジーロン,ノーマル,ドラゴン,,,ぎゃくじょう,そうしょく,*ノーてんき,78,60,85,135,91,36,怪獣,ドラゴン
853,781,ダダリン,ゴースト,くさ,,,はがねつかい,,,70,131,100,86,90,40,鉱物,
854,782,ジャラコ,ドラゴン,,,,ぼうだん,ぼうおん,*ぼうじん,45,55,65,45,45,45,ドラゴン,
855,783,ジャランゴ,ドラゴン,かくとう,,,ぼうだん,ぼうおん,*ぼうじん,55,75,90,65,70,65,ドラゴン,
856,784,ジャラランガ,ドラゴン,かくとう,,,ぼうだん,ぼうおん,*ぼうじん,75,110,125,100,105,85,ドラゴン,
857,785,カプ・コケコ,でんき,フェアリー,,,エレキメイカー,*テレパシー,,70,115,85,95,75,130,タマゴ未発見,
858,786,カプ・テテフ,エスパー,フェアリー,,,サイコメイカー,*テレパシー,,70,85,75,130,115,95,タマゴ未発見,
859,787,カプ・ブルル,くさ,フェアリー,,,グラスメイカー,*テレパシー,,70,130,115,85,95,75,タマゴ未発見,
860,788,カプ・レヒレ,みず,フェアリー,,,ミストメイカー,*テレパシー,,70,75,115,95,130,85,タマゴ未発見,
861,789,コスモッグ,エスパー,,,,てんねん,,,43,29,31,29,31,37,タマゴ未発見,
862,790,コスモウム,エスパー,,,,がんじょう,,,43,29,131,29,131,37,タマゴ未発見,
863,791,ソルガレオ,エスパー,はがね,,,メタルプロテクト,,,137,137,107,113,89,97,タマゴ未発見,
864,792,ルナアーラ,エスパー,ゴースト,,,ファントムガード,,,137,113,89,137,107,97,タマゴ未発見,
865,793,ウツロイド,いわ,どく,,,ビーストブースト,,,109,53,47,127,131,103,タマゴ未発見,
866,794,マッシブーン,むし,かくとう,,,ビーストブースト,,,107,139,139,53,53,79,タマゴ未発見,
867,795,フェローチェ,むし,かくとう,,,ビーストブースト,,,71,137,37,137,37,151,タマゴ未発見,
868,796,デンジュモク,でんき,,,,ビーストブースト,,,83,89,71,173,71,83,タマゴ未発見,
869,797,テッカグヤ,はがね,ひこう,,,ビーストブースト,,,97,101,103,107,101,61,タマゴ未発見,
870,798,カミツルギ,くさ,はがね,,,ビーストブースト,,,59,181,131,59,31,109,タマゴ未発見,
871,799,アクジキング,あく,ドラゴン,,,ビーストブースト,,,223,101,53,97,53,43,タマゴ未発見,
872,800,ネクロズマ,エスパー,,,,プリズムアーマー,,,97,107,101,127,89,79,タマゴ未発見,
873,800,ネクロズマ,エスパー,はがね,s,日食,プリズムアーマー,,,97,157,127,113,109,77,タマゴ未発見,
874,800,ネクロズマ,エスパー,ゴースト,m,月食,プリズムアーマー,,,97,113,109,157,127,77,タマゴ未発見,
875,801,マギアナ,はがね,フェアリー,,,ソウルハート,,,80,95,115,130,115,65,タマゴ未発見,
876,802,マーシャドー,かくとう,ゴースト,,,テクニシャン,,,90,125,80,90,90,125,タマゴ未発見,
877,803,ベベノム,どく,,,,ビーストブースト,,,67,73,67,73,67,73,タマゴ未発見,
878,804,アーゴヨン,どく,ドラゴン,,,ビーストブースト,,,73,73,73,127,73,121,タマゴ未発見,
879,805,ツンデツンデ,いわ,はがね,,,ビーストブースト,,,61,131,211,53,101,13,タマゴ未発見,
880,806,ズガドーン,ほのお,ゴースト,,,ビーストブースト,,,53,127,53,151,79,107,タマゴ未発見,
881,807,ゼラオラ,でんき,,,,ちくでん,,,88,112,75,102,80,143,タマゴ未発見,
882,808,メルタン,はがね,,,,じりょく,,,46,65,65,55,35,34,タマゴ未発見,
883,809,メルメタル,はがね,,,,てつのこぶし,,,135,143,143,80,65,34,タマゴ未発見,
884,810,サルノリ,くさ,,,,しんりょく,*グラスメイカー,,50,65,50,40,40,65,陸上,植物
885,811,バチンキー,くさ,,,,しんりょく,*グラスメイカー,,70,85,70,55,60,80,陸上,植物
886,812,ゴリランダー,くさ,,,,しんりょく,*グラスメイカー,,100,125,90,60,70,85,陸上,植物
887,813,ヒバニー,ほのお,,,,もうか,*リベロ,,50,71,40,40,40,69,陸上,人型
888,814,ラビフット,ほのお,,,,もうか,*リベロ,,65,86,60,55,60,94,陸上,人型
889,815,エースバーン,ほのお,,,,もうか,*リベロ,,80,116,75,65,75,119,陸上,人型
890,816,メッソン,みず,,,,げきりゅう,*スナイパー,,50,40,40,70,40,70,水中1,陸上
891,817,ジメレオン,みず,,,,げきりゅう,*スナイパー,,65,60,55,95,55,90,水中1,陸上
892,818,インテレオン,みず,,,,げきりゅう,*スナイパー,,70,85,65,125,65,120,水中1,陸上
893,819,ホシガリス,ノーマル,,,,ほおぶくろ,*くいしんぼう,,70,55,55,35,35,25,陸上,
894,820,ヨクバリス,ノーマル,,,,ほおぶくろ,*くいしんぼう,,120,95,95,55,75,20,陸上,
895,821,ココガラ,ひこう,,,,するどいめ,きんちょうかん,*はとむね,38,47,35,33,35,57,飛行,
896,822,アオガラス,ひこう,,,,するどいめ,きんちょうかん,*はとむね,68,67,55,43,55,77,飛行,
897,823,アーマーガア,ひこう,はがね,,,プレッシャー,きんちょうかん,*ミラーアーマー,98,87,105,53,85,67,飛行,
898,824,サッチムシ,むし,,,,むしのしらせ,ふくがん,*テレパシー,25,20,20,25,45,45,虫,
899,825,レドームシ,むし,エスパー,,,むしのしらせ,ふくがん,*テレパシー,50,35,80,50,90,30,虫,
900,826,イオルブ,むし,エスパー,,,むしのしらせ,おみとおし,*テレパシー,60,45,110,80,120,90,虫,
901,827,クスネ,あく,,,,にげあし,かるわざ,*はりこみ,40,28,28,47,52,50,陸上,
902,828,フォクスライ,あく,,,,にげあし,かるわざ,*はりこみ,70,58,58,87,92,90,陸上,
903,829,ヒメンカ,くさ,,,,わたげ,さいせいりょく,*ほうし,40,40,60,40,60,10,植物,
904,830,ワタシラガ,くさ,,,,わたげ,さいせいりょく,*ほうし,60,50,90,80,120,60,植物,
905,831,ウールー,ノーマル,,,,もふもふ,にげあし,*ぼうだん,42,40,55,40,45,48,陸上,
906,832,バイウールー,ノーマル,,,,もふもふ,ふくつのこころ,*ぼうだん,72,80,100,60,90,88,陸上,
907,833,カムカメ,みず,,,,がんじょうあご,シェルアーマー,*すいすい,50,64,50,38,38,44,怪獣,水中1
908,834,カジリガメ,みず,いわ,,,がんじょうあご,シェルアーマー,*すいすい,90,115,90,48,68,74,怪獣,水中1
909,835,ワンパチ,でんき,,,,たまひろい,*びびり,,59,45,50,40,50,26,陸上,
910,836,パルスワン,でんき,,,,がんじょうあご,*かちき,,69,90,60,90,60,121,陸上,
911,837,タンドン,いわ,,,,じょうききかん,たいねつ,*もらいび,30,40,50,40,50,30,鉱物,
912,838,トロッゴン,いわ,ほのお,,,じょうききかん,ほのおのからだ,*もらいび,80,60,90,60,70,50,鉱物,
913,839,セキタンザン,いわ,ほのお,,,じょうききかん,ほのおのからだ,*もらいび,110,80,120,80,90,30,鉱物,
914,840,カジッチュ,くさ,ドラゴン,,,じゅくせい,くいしんぼう,*ぼうだん,40,40,80,40,40,20,植物,ドラゴン
915,841,アップリュー,くさ,ドラゴン,,,じゅくせい,くいしんぼう,*はりきり,70,110,80,95,60,70,植物,ドラゴン
916,842,タルップル,くさ,ドラゴン,,,じゅくせい,くいしんぼう,*あついしぼう,110,85,80,100,80,30,植物,ドラゴン
917,843,スナヘビ,じめん,,,,すなはき,だっぴ,*すながくれ,52,57,75,35,50,46,陸上,ドラゴン
918,844,サダイジャ,じめん,,,,すなはき,だっぴ,*すながくれ,72,107,125,65,70,71,陸上,ドラゴン
919,845,ウッウ,ひこう,みず,,,うのミサイル,,,70,85,55,85,95,85,水中1,飛行
920,846,サシカマス,みず,,,,すいすい,*スクリューおびれ,,41,63,40,40,30,66,水中2,
921,847,カマスジョー,みず,,,,すいすい,*スクリューおびれ,,61,123,60,60,50,136,水中2,
922,848,エレズン,でんき,どく,,,びびり,せいでんき,*ぶきよう,40,38,35,54,35,40,タマゴ未発見,
923,849,ストリンダー,でんき,どく,h,ハイ,パンクロック,プラス,*テクニシャン,75,98,70,114,70,75,人型,
924,849,ストリンダー,でんき,どく,l,ロー,パンクロック,マイナス,*テクニシャン,75,98,70,114,70,75,人型,
925,850,ヤクデ,ほのお,むし,,,もらいび,しろいけむり,*ほのおのからだ,50,65,45,50,50,45,虫,
926,851,マルヤクデ,ほのお,むし,,,もらいび,しろいけむり,*ほのおのからだ,100,115,65,90,90,65,虫,
927,852,タタッコ,かくとう,,,,じゅうなん,*テクニシャン,,50,68,60,50,50,32,水中1,人型
928,853,オトスパス,かくとう,,,,じゅうなん,*テクニシャン,,80,118,90,70,80,42,水中1,人型
929,854,ヤバチャ,ゴースト,,,,くだけるよろい,*のろわれボディ,,40,45,45,74,54,50,鉱物,不定形
930,855,ポットデス,ゴースト,,,,くだけるよろい,*のろわれボディ,,60,65,65,134,114,70,鉱物,不定形
931,856,ミブリム,エスパー,,,,いやしのこころ,きけんよち,*マジックミラー,42,30,45,56,53,39,妖精,
932,857,テブリム,エスパー,,,,いやしのこころ,きけんよち,*マジックミラー,57,40,65,86,73,49,妖精,
933,858,ブリムオン,エスパー,フェアリー,,,いやしのこころ,きけんよち,*マジックミラー,57,90,95,136,103,29,妖精,
934,859,ベロバー,あく,フェアリー,,,いたずらごころ,おみとおし,*わるいてぐせ,45,45,30,55,40,50,妖精,人型
935,860,ギモー,あく,フェアリー,,,いたずらごころ,おみとおし,*わるいてぐせ,65,60,45,75,55,70,妖精,人型
936,861,オーロンゲ,あく,フェアリー,,,いたずらごころ,おみとおし,*わるいてぐせ,95,120,65,95,75,60,妖精,人型
937,862,タチフサグマ,あく,ノーマル,,,すてみ,こんじょう,*まけんき,93,90,101,60,81,95,陸上,
938,863,ニャイキング,はがね,,,,カブトアーマー,かたいツメ,*はがねのせいしん,70,110,100,50,60,50,陸上,
939,864,サニゴーン,ゴースト,,,,くだけるよろい,*ほろびのボディ,,60,95,50,145,130,30,水中1,水中3
940,865,ネギガナイト,かくとう,,,,ふくつのこころ,*きもったま,,62,135,95,68,82,65,飛行,陸上
941,866,バリコオル,こおり,エスパー,,,ちどりあし,バリアフリー,*アイスボディ,80,85,75,110,100,70,人型,
942,867,デスバーン,じめん,ゴースト,,,さまようたましい,,,58,95,145,50,105,30,鉱物,不定形
943,868,マホミル,フェアリー,,,,スイートベール,*アロマベール,,45,40,40,50,61,34,妖精,不定形
944,869,マホイップ,フェアリー,,,,スイートベール,*アロマベール,,65,60,75,110,121,64,妖精,不定形
945,870,タイレーツ,かくとう,,,,カブトアーマー,*まけんき,,65,100,100,70,60,75,妖精,鉱物
946,871,バチンウニ,でんき,,,,ひらいしん,*エレキメイカー,,48,101,95,91,85,15,水中1,不定形
947,872,ユキハミ,こおり,むし,,,りんぷん,*こおりのりんぷん,,30,25,35,45,30,20,虫,
948,873,モスノウ,こおり,むし,,,りんぷん,*こおりのりんぷん,,70,65,60,125,90,65,虫,
949,874,イシヘンジン,いわ,,,,パワースポット,,,100,125,135,20,20,70,鉱物,
950,875,コオリッポ,こおり,,i,アイス,アイスフェイス,,,75,80,110,65,90,50,水中1,陸上
951,875,コオリッポ,こおり,,n,ナイス,アイスフェイス,,,75,80,70,65,50,130,水中1,陸上
952,876,イエッサン,エスパー,ノーマル,m,♂,せいしんりょく,シンクロ,*サイコメイカー,60,65,55,105,95,95,妖精,
953,876,イエッサン,エスパー,ノーマル,f,♀,マイペース,シンクロ,*サイコメイカー,70,55,65,95,105,85,妖精,
954,877,モルペコ,でんき,あく,,,はらぺこスイッチ,,,58,95,58,70,58,97,陸上,妖精
955,878,ゾウドウ,はがね,,,,ちからずく,*ヘヴィメタル,,72,80,49,40,49,40,陸上,鉱物
956,879,ダイオウドウ,はがね,,,,ちからずく,*ヘヴィメタル,,122,130,69,80,69,30,陸上,鉱物
957,880,パッチラゴン,でんき,ドラゴン,,,ちくでん,はりきり,*すなかき,90,100,90,80,70,75,タマゴ未発見,
958,881,パッチルドン,でんき,こおり,,,ちくでん,せいでんき,*ゆきかき,90,100,90,90,80,55,タマゴ未発見,
959,882,ウオノラゴン,みず,ドラゴン,,,ちょすい,がんじょうあご,*すなかき,90,90,100,70,80,75,タマゴ未発見,
960,883,ウオチルドン,みず,こおり,,,ちょすい,アイスボディ,*ゆきかき,90,90,100,80,90,55,タマゴ未発見,
961,884,ジュラルドン,はがね,ドラゴン,,,ライトメタル,ヘヴィメタル,*すじがねいり,70,95,115,120,50,85,鉱物,ドラゴン
962,885,ドラメシヤ,ドラゴン,ゴースト,,,クリアボディ,すりぬけ,*のろわれボディ,28,60,30,40,30,82,不定形,ドラゴン
963,886,ドロンチ,ドラゴン,ゴースト,,,クリアボディ,すりぬけ,*のろわれボディ,68,80,50,60,50,102,不定形,ドラゴン
964,887,ドラパルト,ドラゴン,ゴースト,,,クリアボディ,すりぬけ,*のろわれボディ,88,120,75,100,75,142,不定形,ドラゴン
965,888,ザシアン,フェアリー,,,,ふとうのけん,,,92,130,115,80,115,138,タマゴ未発見,
966,888,ザシアン,フェアリー,はがね,k,剣の王,ふとうのけん,,,92,170,115,80,115,148,タマゴ未発見,
967,889,ザマゼンタ,かくとう,,,,ふくつのたて,,,92,130,115,80,115,138,タマゴ未発見,
968,889,ザマゼンタ,かくとう,はがね,k,盾の王,ふくつのたて,,,92,130,145,80,145,128,タマゴ未発見,
969,890,ムゲンダイナ,どく,ドラゴン,,,プレッシャー,,,140,85,95,145,95,130,タマゴ未発見,
970,890,ムゲンダイナ,どく,ドラゴン,i,ムゲン,プレッシャー,,,255,115,250,125,250,130,タマゴ未発見,